-- MySQL dump 10.13  Distrib 8.0.43, for Linux (x86_64)
--
-- Host: localhost    Database: f76
-- ------------------------------------------------------
-- Server version	8.0.43-0ubuntu0.24.04.2

/*!40101 SET @OLD_CHARACTER_SET_CLIENT=@@CHARACTER_SET_CLIENT */;
/*!40101 SET @OLD_CHARACTER_SET_RESULTS=@@CHARACTER_SET_RESULTS */;
/*!40101 SET @OLD_COLLATION_CONNECTION=@@COLLATION_CONNECTION */;
/*!50503 SET NAMES utf8mb4 */;
/*!40103 SET @OLD_TIME_ZONE=@@TIME_ZONE */;
/*!40103 SET TIME_ZONE='+00:00' */;
/*!40014 SET @OLD_UNIQUE_CHECKS=@@UNIQUE_CHECKS, UNIQUE_CHECKS=0 */;
/*!40014 SET @OLD_FOREIGN_KEY_CHECKS=@@FOREIGN_KEY_CHECKS, FOREIGN_KEY_CHECKS=0 */;
/*!40101 SET @OLD_SQL_MODE=@@SQL_MODE, SQL_MODE='NO_AUTO_VALUE_ON_ZERO' */;
/*!40111 SET @OLD_SQL_NOTES=@@SQL_NOTES, SQL_NOTES=0 */;

--
-- Table structure for table `armor`
--

DROP TABLE IF EXISTS `armor`;
/*!40101 SET @saved_cs_client     = @@character_set_client */;
/*!50503 SET character_set_client = utf8mb4 */;
CREATE TABLE `armor` (
  `id` int NOT NULL AUTO_INCREMENT,
  `name` varchar(255) NOT NULL,
  `class` varchar(64) DEFAULT NULL,
  `slot` varchar(64) DEFAULT NULL,
  `damage_resistance` varchar(64) DEFAULT NULL,
  `energy_resistance` varchar(64) DEFAULT NULL,
  `radiation_resistance` varchar(64) DEFAULT NULL,
  `cryo_resistance` varchar(64) DEFAULT NULL,
  `fire_resistance` varchar(64) DEFAULT NULL,
  `poison_resistance` varchar(64) DEFAULT NULL,
  `set_name` varchar(128) DEFAULT NULL,
  `armor_type` enum('regular','power') DEFAULT 'regular',
  `level` varchar(64) DEFAULT NULL,
  `source_url` text,
  PRIMARY KEY (`id`),
  KEY `idx_armor_name` (`name`),
  KEY `idx_armor_set` (`set_name`),
  KEY `idx_armor_slot` (`slot`),
  KEY `idx_armor_class` (`class`),
  KEY `idx_armor_type` (`armor_type`),
  KEY `idx_armor_level` (`level`)
) ENGINE=InnoDB AUTO_INCREMENT=478 DEFAULT CHARSET=utf8mb4 COLLATE=utf8mb4_0900_ai_ci;
/*!40101 SET character_set_client = @saved_cs_client */;

--
-- Dumping data for table `armor`
--

LOCK TABLES `armor` WRITE;
/*!40000 ALTER TABLE `armor` DISABLE KEYS */;
INSERT INTO `armor` VALUES (1,'Arctic marine armor left arm','Sturdy','Left Arm','27','16',NULL,'8',NULL,NULL,'Arctic marine armor','regular','50','https://fallout.fandom.com/wiki/Arctic_marine_armor'),(2,'Arctic marine armor right arm','Sturdy','Right Arm','27','16',NULL,'8',NULL,NULL,'Arctic marine armor','regular','50','https://fallout.fandom.com/wiki/Arctic_marine_armor'),(3,'Arctic marine armor left leg','Sturdy','Left Leg','27','16',NULL,'8',NULL,NULL,'Arctic marine armor','regular','50','https://fallout.fandom.com/wiki/Arctic_marine_armor'),(4,'Arctic marine armor right leg','Sturdy','Right Leg','27','16',NULL,'8',NULL,NULL,'Arctic marine armor','regular','50','https://fallout.fandom.com/wiki/Arctic_marine_armor'),(5,'Arctic marine armor chest','Sturdy','Chest','67','40','35','20',NULL,NULL,'Arctic marine armor','regular','50','https://fallout.fandom.com/wiki/Arctic_marine_armor'),(6,'Arctic marine armor left arm','Sturdy','Left Arm','27','16',NULL,'8',NULL,NULL,'Arctic marine armor','regular','45','https://fallout.fandom.com/wiki/Arctic_marine_armor'),(7,'Arctic marine armor right arm','Sturdy','Right Arm','27','16',NULL,'8',NULL,NULL,'Arctic marine armor','regular','45','https://fallout.fandom.com/wiki/Arctic_marine_armor'),(8,'Arctic marine armor left leg','Sturdy','Left Leg','27','16',NULL,'8',NULL,NULL,'Arctic marine armor','regular','45','https://fallout.fandom.com/wiki/Arctic_marine_armor'),(9,'Arctic marine armor right leg','Sturdy','Right Leg','27','16',NULL,'8',NULL,NULL,'Arctic marine armor','regular','45','https://fallout.fandom.com/wiki/Arctic_marine_armor'),(10,'Arctic marine armor chest','Sturdy','Chest','63','37','32','18',NULL,NULL,'Arctic marine armor','regular','45','https://fallout.fandom.com/wiki/Arctic_marine_armor'),(11,'Arctic marine armor left arm','Sturdy','Left Arm','22','13',NULL,'7',NULL,NULL,'Arctic marine armor','regular','35','https://fallout.fandom.com/wiki/Arctic_marine_armor'),(12,'Arctic marine armor right arm','Sturdy','Right Arm','22','13',NULL,'7',NULL,NULL,'Arctic marine armor','regular','35','https://fallout.fandom.com/wiki/Arctic_marine_armor'),(13,'Arctic marine armor left leg','Sturdy','Left Leg','22','13',NULL,'7',NULL,NULL,'Arctic marine armor','regular','35','https://fallout.fandom.com/wiki/Arctic_marine_armor'),(14,'Arctic marine armor right leg','Sturdy','Right Leg','22','13',NULL,'7',NULL,NULL,'Arctic marine armor','regular','35','https://fallout.fandom.com/wiki/Arctic_marine_armor'),(15,'Arctic marine armor chest','Sturdy','Chest','54','32','28','16',NULL,NULL,'Arctic marine armor','regular','35','https://fallout.fandom.com/wiki/Arctic_marine_armor'),(16,'botsmith armor left arm','Heavy','Left Arm','40','20','20',NULL,NULL,NULL,'botsmith armor','regular','50','https://fallout.fandom.com/wiki/Botsmith_armor'),(17,'botsmith armor right arm','Heavy','Right Arm','40','20','20',NULL,NULL,NULL,'botsmith armor','regular','50','https://fallout.fandom.com/wiki/Botsmith_armor'),(18,'botsmith armor left leg','Heavy','Left Leg','40','20','20',NULL,NULL,NULL,'botsmith armor','regular','50','https://fallout.fandom.com/wiki/Botsmith_armor'),(19,'botsmith armor right leg','Heavy','Right Leg','40','20','20',NULL,NULL,NULL,'botsmith armor','regular','50','https://fallout.fandom.com/wiki/Botsmith_armor'),(20,'botsmith armor chest','Heavy','Chest','75','30','30',NULL,NULL,NULL,'botsmith armor','regular','50','https://fallout.fandom.com/wiki/Botsmith_armor'),(21,'botsmith armor left arm','Heavy','Left Arm','30','14','14',NULL,NULL,NULL,'botsmith armor','regular','40','https://fallout.fandom.com/wiki/Botsmith_armor'),(22,'botsmith armor right arm','Heavy','Right Arm','30','14','14',NULL,NULL,NULL,'botsmith armor','regular','40','https://fallout.fandom.com/wiki/Botsmith_armor'),(23,'botsmith armor left leg','Heavy','Left Leg','30','14','14',NULL,NULL,NULL,'botsmith armor','regular','40','https://fallout.fandom.com/wiki/Botsmith_armor'),(24,'botsmith armor right leg','Heavy','Right Leg','30','14','14',NULL,NULL,NULL,'botsmith armor','regular','40','https://fallout.fandom.com/wiki/Botsmith_armor'),(25,'botsmith armor chest','Heavy','Chest','65','24','24',NULL,NULL,NULL,'botsmith armor','regular','40','https://fallout.fandom.com/wiki/Botsmith_armor'),(26,'botsmith armor left arm','Heavy','Left Arm','20','8','8',NULL,NULL,NULL,'botsmith armor','regular','30','https://fallout.fandom.com/wiki/Botsmith_armor'),(27,'botsmith armor right arm','Heavy','Right Arm','20','8','8',NULL,NULL,NULL,'botsmith armor','regular','30','https://fallout.fandom.com/wiki/Botsmith_armor'),(28,'botsmith armor left leg','Heavy','Left Leg','20','8','8',NULL,NULL,NULL,'botsmith armor','regular','30','https://fallout.fandom.com/wiki/Botsmith_armor'),(29,'botsmith armor right leg','Heavy','Right Leg','20','8','8',NULL,NULL,NULL,'botsmith armor','regular','30','https://fallout.fandom.com/wiki/Botsmith_armor'),(30,'botsmith armor chest','Heavy','Chest','50','18','18',NULL,NULL,NULL,'botsmith armor','regular','30','https://fallout.fandom.com/wiki/Botsmith_armor'),(31,'botsmith armor left arm','Heavy','Left Arm','10','3','3',NULL,NULL,NULL,'botsmith armor','regular','20','https://fallout.fandom.com/wiki/Botsmith_armor'),(32,'botsmith armor right arm','Heavy','Right Arm','10','3','3',NULL,NULL,NULL,'botsmith armor','regular','20','https://fallout.fandom.com/wiki/Botsmith_armor'),(33,'botsmith armor left leg','Heavy','Left Leg','10','3','3',NULL,NULL,NULL,'botsmith armor','regular','20','https://fallout.fandom.com/wiki/Botsmith_armor'),(34,'botsmith armor right leg','Heavy','Right Leg','10','3','3',NULL,NULL,NULL,'botsmith armor','regular','20','https://fallout.fandom.com/wiki/Botsmith_armor'),(35,'botsmith armor chest','Heavy','Chest','40','12','12',NULL,NULL,NULL,'botsmith armor','regular','20','https://fallout.fandom.com/wiki/Botsmith_armor'),(36,'brotherhood recon armor left arm','Heavy','Left Arm','50','30','30',NULL,NULL,NULL,'brotherhood recon armor','regular','50','https://fallout.fandom.com/wiki/Brotherhood_recon_armor'),(37,'brotherhood recon armor right arm','Heavy','Right Arm','50','30','30',NULL,NULL,NULL,'brotherhood recon armor','regular','50','https://fallout.fandom.com/wiki/Brotherhood_recon_armor'),(38,'brotherhood recon armor left leg','Heavy','Left Leg','50','30','30',NULL,NULL,NULL,'brotherhood recon armor','regular','50','https://fallout.fandom.com/wiki/Brotherhood_recon_armor'),(39,'brotherhood recon armor right leg','Heavy','Right Leg','50','30','30',NULL,NULL,NULL,'brotherhood recon armor','regular','50','https://fallout.fandom.com/wiki/Brotherhood_recon_armor'),(40,'brotherhood recon armor chest','Heavy','Chest','100','40','40',NULL,NULL,NULL,'brotherhood recon armor','regular','50','https://fallout.fandom.com/wiki/Brotherhood_recon_armor'),(41,'brotherhood recon armor left arm','Heavy','Left Arm','40','20','20',NULL,NULL,NULL,'brotherhood recon armor','regular','40','https://fallout.fandom.com/wiki/Brotherhood_recon_armor'),(42,'brotherhood recon armor right arm','Heavy','Right Arm','40','20','20',NULL,NULL,NULL,'brotherhood recon armor','regular','40','https://fallout.fandom.com/wiki/Brotherhood_recon_armor'),(43,'brotherhood recon armor left leg','Heavy','Left Leg','40','20','20',NULL,NULL,NULL,'brotherhood recon armor','regular','40','https://fallout.fandom.com/wiki/Brotherhood_recon_armor'),(44,'brotherhood recon armor right leg','Heavy','Right Leg','40','20','20',NULL,NULL,NULL,'brotherhood recon armor','regular','40','https://fallout.fandom.com/wiki/Brotherhood_recon_armor'),(45,'brotherhood recon armor chest','Heavy','Chest','87','30','30',NULL,NULL,NULL,'brotherhood recon armor','regular','40','https://fallout.fandom.com/wiki/Brotherhood_recon_armor'),(46,'brotherhood recon armor helmet','Heavy','Helmet',NULL,NULL,NULL,NULL,NULL,NULL,'brotherhood recon armor','regular','1','https://fallout.fandom.com/wiki/Brotherhood_recon_armor'),(47,'civil engineer armor left arm','Sturdy','Left Arm','24','48','30',NULL,NULL,NULL,'civil engineer armor','regular','50','https://fallout.fandom.com/wiki/Civil_Engineer_armor'),(48,'civil engineer armor right arm','Sturdy','Right Arm','24','48','30',NULL,NULL,NULL,'civil engineer armor','regular','50','https://fallout.fandom.com/wiki/Civil_Engineer_armor'),(49,'civil engineer armor left leg','Sturdy','Left Leg','24','48','30',NULL,NULL,NULL,'civil engineer armor','regular','50','https://fallout.fandom.com/wiki/Civil_Engineer_armor'),(50,'civil engineer armor right leg','Sturdy','Right Leg','24','48','30',NULL,NULL,NULL,'civil engineer armor','regular','50','https://fallout.fandom.com/wiki/Civil_Engineer_armor'),(51,'civil engineer armor chest','Sturdy','Chest','48','95','61',NULL,NULL,NULL,'civil engineer armor','regular','50','https://fallout.fandom.com/wiki/Civil_Engineer_armor'),(52,'civil engineer armor helmet','Sturdy','Helmet',NULL,NULL,NULL,NULL,NULL,NULL,'civil engineer armor','regular','1','https://fallout.fandom.com/wiki/Civil_Engineer_armor'),(53,'combat armor left arm','Heavy','Left Arm','20','20',NULL,NULL,NULL,NULL,'combat armor','regular','50','https://fallout.fandom.com/wiki/Combat_armor_(Fallout_76)'),(54,'combat armor right arm','Heavy','Right Arm','20','20',NULL,NULL,NULL,NULL,'combat armor','regular','50','https://fallout.fandom.com/wiki/Combat_armor_(Fallout_76)'),(55,'combat armor left leg','Heavy','Left Leg','20','20',NULL,NULL,NULL,NULL,'combat armor','regular','50','https://fallout.fandom.com/wiki/Combat_armor_(Fallout_76)'),(56,'combat armor right leg','Heavy','Right Leg','20','20',NULL,NULL,NULL,NULL,'combat armor','regular','50','https://fallout.fandom.com/wiki/Combat_armor_(Fallout_76)'),(57,'combat armor chest','Heavy','Chest','61','61',NULL,NULL,NULL,NULL,'combat armor','regular','50','https://fallout.fandom.com/wiki/Combat_armor_(Fallout_76)'),(58,'combat armor left arm','Heavy','Left Arm','17','17',NULL,NULL,NULL,NULL,'combat armor','regular','40','https://fallout.fandom.com/wiki/Combat_armor_(Fallout_76)'),(59,'combat armor right arm','Heavy','Right Arm','17','17',NULL,NULL,NULL,NULL,'combat armor','regular','40','https://fallout.fandom.com/wiki/Combat_armor_(Fallout_76)'),(60,'combat armor left leg','Heavy','Left Leg','17','17',NULL,NULL,NULL,NULL,'combat armor','regular','40','https://fallout.fandom.com/wiki/Combat_armor_(Fallout_76)'),(61,'combat armor right leg','Heavy','Right Leg','17','17',NULL,NULL,NULL,NULL,'combat armor','regular','40','https://fallout.fandom.com/wiki/Combat_armor_(Fallout_76)'),(62,'combat armor chest','Heavy','Chest','52','52',NULL,NULL,NULL,NULL,'combat armor','regular','40','https://fallout.fandom.com/wiki/Combat_armor_(Fallout_76)'),(63,'combat armor left arm','Heavy','Left Arm','14','14',NULL,NULL,NULL,NULL,'combat armor','regular','30','https://fallout.fandom.com/wiki/Combat_armor_(Fallout_76)'),(64,'combat armor right arm','Heavy','Right Arm','14','14',NULL,NULL,NULL,NULL,'combat armor','regular','30','https://fallout.fandom.com/wiki/Combat_armor_(Fallout_76)'),(65,'combat armor left leg','Heavy','Left Leg','14','14',NULL,NULL,NULL,NULL,'combat armor','regular','30','https://fallout.fandom.com/wiki/Combat_armor_(Fallout_76)'),(66,'combat armor right leg','Heavy','Right Leg','14','14',NULL,NULL,NULL,NULL,'combat armor','regular','30','https://fallout.fandom.com/wiki/Combat_armor_(Fallout_76)'),(67,'combat armor chest','Heavy','Chest','43','43',NULL,NULL,NULL,NULL,'combat armor','regular','30','https://fallout.fandom.com/wiki/Combat_armor_(Fallout_76)'),(68,'combat armor left arm','Heavy','Left Arm','11','11',NULL,NULL,NULL,NULL,'combat armor','regular','20','https://fallout.fandom.com/wiki/Combat_armor_(Fallout_76)'),(69,'combat armor right arm','Heavy','Right Arm','11','11',NULL,NULL,NULL,NULL,'combat armor','regular','20','https://fallout.fandom.com/wiki/Combat_armor_(Fallout_76)'),(70,'combat armor left leg','Heavy','Left Leg','11','11',NULL,NULL,NULL,NULL,'combat armor','regular','20','https://fallout.fandom.com/wiki/Combat_armor_(Fallout_76)'),(71,'combat armor right leg','Heavy','Right Leg','11','11',NULL,NULL,NULL,NULL,'combat armor','regular','20','https://fallout.fandom.com/wiki/Combat_armor_(Fallout_76)'),(72,'combat armor chest','Heavy','Chest','27','27',NULL,NULL,NULL,NULL,'combat armor','regular','20','https://fallout.fandom.com/wiki/Combat_armor_(Fallout_76)'),(73,'combat armor helmet','Heavy','Helmet',NULL,NULL,NULL,NULL,NULL,NULL,'combat armor','regular','1','https://fallout.fandom.com/wiki/Combat_armor_(Fallout_76)'),(74,'covert scout armor left arm','Light','Left Arm','25','30','10',NULL,NULL,NULL,'covert scout armor','regular','50','https://fallout.fandom.com/wiki/Covert_scout_armor'),(75,'covert scout armor right arm','Light','Right Arm','25','30','10',NULL,NULL,NULL,'covert scout armor','regular','50','https://fallout.fandom.com/wiki/Covert_scout_armor'),(76,'covert scout armor left leg','Light','Left Leg','25','30','10',NULL,NULL,NULL,'covert scout armor','regular','50','https://fallout.fandom.com/wiki/Covert_scout_armor'),(77,'covert scout armor right leg','Light','Right Leg','25','30','10',NULL,NULL,NULL,'covert scout armor','regular','50','https://fallout.fandom.com/wiki/Covert_scout_armor'),(78,'covert scout armor chest','Light','Chest','60','50','10',NULL,NULL,NULL,'covert scout armor','regular','50','https://fallout.fandom.com/wiki/Covert_scout_armor'),(79,'covert scout armor left arm','Light','Left Arm','21','27','10',NULL,NULL,NULL,'covert scout armor','regular','40','https://fallout.fandom.com/wiki/Covert_scout_armor'),(80,'covert scout armor right arm','Light','Right Arm','21','27','10',NULL,NULL,NULL,'covert scout armor','regular','40','https://fallout.fandom.com/wiki/Covert_scout_armor'),(81,'covert scout armor left leg','Light','Left Leg','21','27','10',NULL,NULL,NULL,'covert scout armor','regular','40','https://fallout.fandom.com/wiki/Covert_scout_armor'),(82,'covert scout armor right leg','Light','Right Leg','21','27','10',NULL,NULL,NULL,'covert scout armor','regular','40','https://fallout.fandom.com/wiki/Covert_scout_armor'),(83,'covert scout armor chest','Light','Chest','50','43','10',NULL,NULL,NULL,'covert scout armor','regular','40','https://fallout.fandom.com/wiki/Covert_scout_armor'),(84,'covert scout armor mask','Light','Helmet',NULL,NULL,NULL,NULL,NULL,NULL,'covert scout armor','regular','1','https://fallout.fandom.com/wiki/Covert_scout_armor'),(85,'forest scout armor left arm','Light','Left Arm','25','20',NULL,NULL,NULL,NULL,'forest scout armor','regular','50','https://fallout.fandom.com/wiki/Forest_scout_armor'),(86,'forest scout armor right arm','Light','Right Arm','25','20',NULL,NULL,NULL,NULL,'forest scout armor','regular','50','https://fallout.fandom.com/wiki/Forest_scout_armor'),(87,'forest scout armor left leg','Light','Left Leg','25','20',NULL,NULL,NULL,NULL,'forest scout armor','regular','50','https://fallout.fandom.com/wiki/Forest_scout_armor'),(88,'forest scout armor right leg','Light','Right Leg','25','20',NULL,NULL,NULL,NULL,'forest scout armor','regular','50','https://fallout.fandom.com/wiki/Forest_scout_armor'),(89,'forest scout armor chest','Light','Chest','60','40',NULL,NULL,NULL,NULL,'forest scout armor','regular','50','https://fallout.fandom.com/wiki/Forest_scout_armor'),(90,'forest scout armor left arm','Light','Left Arm','21','17',NULL,NULL,NULL,NULL,'forest scout armor','regular','40','https://fallout.fandom.com/wiki/Forest_scout_armor'),(91,'forest scout armor right arm','Light','Right Arm','21','17',NULL,NULL,NULL,NULL,'forest scout armor','regular','40','https://fallout.fandom.com/wiki/Forest_scout_armor'),(92,'forest scout armor left leg','Light','Left Leg','21','17',NULL,NULL,NULL,NULL,'forest scout armor','regular','40','https://fallout.fandom.com/wiki/Forest_scout_armor'),(93,'forest scout armor right leg','Light','Right Leg','21','17',NULL,NULL,NULL,NULL,'forest scout armor','regular','40','https://fallout.fandom.com/wiki/Forest_scout_armor'),(94,'forest scout armor chest','Light','Chest','50','33',NULL,NULL,NULL,NULL,'forest scout armor','regular','40','https://fallout.fandom.com/wiki/Forest_scout_armor'),(95,'forest scout armor mask','Light','Helmet',NULL,NULL,NULL,NULL,NULL,NULL,'forest scout armor','regular','1','https://fallout.fandom.com/wiki/Forest_scout_armor'),(96,'leather armor left arm','Heavy','Left Arm','22','47',NULL,NULL,NULL,NULL,'leather armor','regular','50','https://fallout.fandom.com/wiki/Leather_armor_(Fallout_76)'),(97,'leather armor right arm','Heavy','Right Arm','22','47',NULL,NULL,NULL,NULL,'leather armor','regular','50','https://fallout.fandom.com/wiki/Leather_armor_(Fallout_76)'),(98,'leather armor left leg','Heavy','Left Leg','22','47',NULL,NULL,NULL,NULL,'leather armor','regular','50','https://fallout.fandom.com/wiki/Leather_armor_(Fallout_76)'),(99,'leather armor right leg','Heavy','Right Leg','22','47',NULL,NULL,NULL,NULL,'leather armor','regular','50','https://fallout.fandom.com/wiki/Leather_armor_(Fallout_76)'),(100,'leather armor chest','Heavy','Chest','28','76',NULL,NULL,NULL,NULL,'leather armor','regular','50','https://fallout.fandom.com/wiki/Leather_armor_(Fallout_76)'),(101,'leather armor left arm','Heavy','Left Arm','19','39',NULL,NULL,NULL,NULL,'leather armor','regular','40','https://fallout.fandom.com/wiki/Leather_armor_(Fallout_76)'),(102,'leather armor right arm','Heavy','Right Arm','19','39',NULL,NULL,NULL,NULL,'leather armor','regular','40','https://fallout.fandom.com/wiki/Leather_armor_(Fallout_76)'),(103,'leather armor left leg','Heavy','Left Leg','19','39',NULL,NULL,NULL,NULL,'leather armor','regular','40','https://fallout.fandom.com/wiki/Leather_armor_(Fallout_76)'),(104,'leather armor right leg','Heavy','Right Leg','19','39',NULL,NULL,NULL,NULL,'leather armor','regular','40','https://fallout.fandom.com/wiki/Leather_armor_(Fallout_76)'),(105,'leather armor chest','Heavy','Chest','24','67',NULL,NULL,NULL,NULL,'leather armor','regular','40','https://fallout.fandom.com/wiki/Leather_armor_(Fallout_76)'),(106,'leather armor left arm','Heavy','Left Arm','15','31',NULL,NULL,NULL,NULL,'leather armor','regular','30','https://fallout.fandom.com/wiki/Leather_armor_(Fallout_76)'),(107,'leather armor right arm','Heavy','Right Arm','15','31',NULL,NULL,NULL,NULL,'leather armor','regular','30','https://fallout.fandom.com/wiki/Leather_armor_(Fallout_76)'),(108,'leather armor left leg','Heavy','Left Leg','15','31',NULL,NULL,NULL,NULL,'leather armor','regular','30','https://fallout.fandom.com/wiki/Leather_armor_(Fallout_76)'),(109,'leather armor right leg','Heavy','Right Leg','15','31',NULL,NULL,NULL,NULL,'leather armor','regular','30','https://fallout.fandom.com/wiki/Leather_armor_(Fallout_76)'),(110,'leather armor chest','Heavy','Chest','21','58',NULL,NULL,NULL,NULL,'leather armor','regular','30','https://fallout.fandom.com/wiki/Leather_armor_(Fallout_76)'),(111,'leather armor left arm','Heavy','Left Arm','11','22',NULL,NULL,NULL,NULL,'leather armor','regular','20','https://fallout.fandom.com/wiki/Leather_armor_(Fallout_76)'),(112,'leather armor right arm','Heavy','Right Arm','11','22',NULL,NULL,NULL,NULL,'leather armor','regular','20','https://fallout.fandom.com/wiki/Leather_armor_(Fallout_76)'),(113,'leather armor left leg','Heavy','Left Leg','11','22',NULL,NULL,NULL,NULL,'leather armor','regular','20','https://fallout.fandom.com/wiki/Leather_armor_(Fallout_76)'),(114,'leather armor right leg','Heavy','Right Leg','11','22',NULL,NULL,NULL,NULL,'leather armor','regular','20','https://fallout.fandom.com/wiki/Leather_armor_(Fallout_76)'),(115,'leather armor chest','Heavy','Chest','17','50',NULL,NULL,NULL,NULL,'leather armor','regular','20','https://fallout.fandom.com/wiki/Leather_armor_(Fallout_76)'),(116,'marine armor left arm','Sturdy','Left Arm','19','14',NULL,NULL,NULL,NULL,'marine armor','regular','45','https://fallout.fandom.com/wiki/Marine_armor_(Fallout_76)'),(117,'marine armor right arm','Sturdy','Right Arm','19','14',NULL,NULL,NULL,NULL,'marine armor','regular','45','https://fallout.fandom.com/wiki/Marine_armor_(Fallout_76)'),(118,'marine armor left leg','Sturdy','Left Leg','19','14',NULL,NULL,NULL,NULL,'marine armor','regular','45','https://fallout.fandom.com/wiki/Marine_armor_(Fallout_76)'),(119,'marine armor right leg','Sturdy','Right Leg','19','14',NULL,NULL,NULL,NULL,'marine armor','regular','45','https://fallout.fandom.com/wiki/Marine_armor_(Fallout_76)'),(120,'marine armor chest','Sturdy','Chest','46','19','19',NULL,NULL,NULL,'marine armor','regular','45','https://fallout.fandom.com/wiki/Marine_armor_(Fallout_76)'),(121,'marine armor left arm','Sturdy','Left Arm','16','11',NULL,NULL,NULL,NULL,'marine armor','regular','35','https://fallout.fandom.com/wiki/Marine_armor_(Fallout_76)'),(122,'marine armor right arm','Sturdy','Right Arm','16','11',NULL,NULL,NULL,NULL,'marine armor','regular','35','https://fallout.fandom.com/wiki/Marine_armor_(Fallout_76)'),(123,'marine armor left leg','Sturdy','Left Leg','16','11',NULL,NULL,NULL,NULL,'marine armor','regular','35','https://fallout.fandom.com/wiki/Marine_armor_(Fallout_76)'),(124,'marine armor right leg','Sturdy','Right Leg','16','11',NULL,NULL,NULL,NULL,'marine armor','regular','35','https://fallout.fandom.com/wiki/Marine_armor_(Fallout_76)'),(125,'marine armor chest','Sturdy','Chest','37','16','16',NULL,NULL,NULL,'marine armor','regular','35','https://fallout.fandom.com/wiki/Marine_armor_(Fallout_76)'),(126,'marine armor helmet','Sturdy','Helmet',NULL,NULL,NULL,NULL,NULL,NULL,'marine armor','regular','1','https://fallout.fandom.com/wiki/Marine_armor_(Fallout_76)'),(127,'metal armor left arm','Heavy','Left Arm','34','8',NULL,NULL,NULL,NULL,'metal armor','regular','50','https://fallout.fandom.com/wiki/Metal_armor_(Fallout_76)'),(128,'metal armor right arm','Heavy','Right Arm','34','8',NULL,NULL,NULL,NULL,'metal armor','regular','50','https://fallout.fandom.com/wiki/Metal_armor_(Fallout_76)'),(129,'metal armor left leg','Heavy','Left Leg','34','8',NULL,NULL,NULL,NULL,'metal armor','regular','50','https://fallout.fandom.com/wiki/Metal_armor_(Fallout_76)'),(130,'metal armor right leg','Heavy','Right Leg','34','8',NULL,NULL,NULL,NULL,'metal armor','regular','50','https://fallout.fandom.com/wiki/Metal_armor_(Fallout_76)'),(131,'metal armor chest','Heavy','Chest','87','14',NULL,NULL,NULL,NULL,'metal armor','regular','50','https://fallout.fandom.com/wiki/Metal_armor_(Fallout_76)'),(132,'metal armor left arm','Heavy','Left Arm','32','7',NULL,NULL,NULL,NULL,'metal armor','regular','40','https://fallout.fandom.com/wiki/Metal_armor_(Fallout_76)'),(133,'metal armor right arm','Heavy','Right Arm','32','7',NULL,NULL,NULL,NULL,'metal armor','regular','40','https://fallout.fandom.com/wiki/Metal_armor_(Fallout_76)'),(134,'metal armor left leg','Heavy','Left Leg','32','7',NULL,NULL,NULL,NULL,'metal armor','regular','40','https://fallout.fandom.com/wiki/Metal_armor_(Fallout_76)'),(135,'metal armor right leg','Heavy','Right Leg','32','7',NULL,NULL,NULL,NULL,'metal armor','regular','40','https://fallout.fandom.com/wiki/Metal_armor_(Fallout_76)'),(136,'metal armor chest','Heavy','Chest','72','12',NULL,NULL,NULL,NULL,'metal armor','regular','40','https://fallout.fandom.com/wiki/Metal_armor_(Fallout_76)'),(137,'metal armor left arm','Heavy','Left Arm','27','6',NULL,NULL,NULL,NULL,'metal armor','regular','30','https://fallout.fandom.com/wiki/Metal_armor_(Fallout_76)'),(138,'metal armor right arm','Heavy','Right Arm','27','6',NULL,NULL,NULL,NULL,'metal armor','regular','30','https://fallout.fandom.com/wiki/Metal_armor_(Fallout_76)'),(139,'metal armor left leg','Heavy','Left Leg','27','6',NULL,NULL,NULL,NULL,'metal armor','regular','30','https://fallout.fandom.com/wiki/Metal_armor_(Fallout_76)'),(140,'metal armor right leg','Heavy','Right Leg','27','6',NULL,NULL,NULL,NULL,'metal armor','regular','30','https://fallout.fandom.com/wiki/Metal_armor_(Fallout_76)'),(141,'metal armor chest','Heavy','Chest','59','10',NULL,NULL,NULL,NULL,'metal armor','regular','30','https://fallout.fandom.com/wiki/Metal_armor_(Fallout_76)'),(142,'metal armor left arm','Heavy','Left Arm','20','4',NULL,NULL,NULL,NULL,'metal armor','regular','20','https://fallout.fandom.com/wiki/Metal_armor_(Fallout_76)'),(143,'metal armor right arm','Heavy','Right Arm','20','4',NULL,NULL,NULL,NULL,'metal armor','regular','20','https://fallout.fandom.com/wiki/Metal_armor_(Fallout_76)'),(144,'metal armor left leg','Heavy','Left Leg','27','6',NULL,NULL,NULL,NULL,'metal armor','regular','20','https://fallout.fandom.com/wiki/Metal_armor_(Fallout_76)'),(145,'metal armor right leg','Heavy','Right Leg','27','6',NULL,NULL,NULL,NULL,'metal armor','regular','20','https://fallout.fandom.com/wiki/Metal_armor_(Fallout_76)'),(146,'metal armor chest','Heavy','Chest','42','7',NULL,NULL,NULL,NULL,'metal armor','regular','20','https://fallout.fandom.com/wiki/Metal_armor_(Fallout_76)'),(147,'metal armor helmet','Heavy','Helmet',NULL,NULL,NULL,NULL,NULL,NULL,'metal armor','regular','1','https://fallout.fandom.com/wiki/Metal_armor_(Fallout_76)'),(148,'raider armor left arm','Heavy','Left Arm','28','13',NULL,NULL,NULL,NULL,'raider armor','regular','45','https://fallout.fandom.com/wiki/Raider_armor_(Fallout_76)'),(149,'raider armor right arm','Heavy','Right Arm','28','13',NULL,NULL,NULL,NULL,'raider armor','regular','45','https://fallout.fandom.com/wiki/Raider_armor_(Fallout_76)'),(150,'raider armor left leg','Heavy','Left Leg','28','13',NULL,NULL,NULL,NULL,'raider armor','regular','45','https://fallout.fandom.com/wiki/Raider_armor_(Fallout_76)'),(151,'raider armor right leg','Heavy','Right Leg','28','13',NULL,NULL,NULL,NULL,'raider armor','regular','45','https://fallout.fandom.com/wiki/Raider_armor_(Fallout_76)'),(152,'raider armor chest','Heavy','Chest','70','24',NULL,NULL,NULL,NULL,'raider armor','regular','45','https://fallout.fandom.com/wiki/Raider_armor_(Fallout_76)'),(153,'raider armor left arm','Heavy','Left Arm','23','11',NULL,NULL,NULL,NULL,'raider armor','regular','35','https://fallout.fandom.com/wiki/Raider_armor_(Fallout_76)'),(154,'raider armor right arm','Heavy','Right Arm','23','11',NULL,NULL,NULL,NULL,'raider armor','regular','35','https://fallout.fandom.com/wiki/Raider_armor_(Fallout_76)'),(155,'raider armor left leg','Heavy','Left Leg','23','11',NULL,NULL,NULL,NULL,'raider armor','regular','35','https://fallout.fandom.com/wiki/Raider_armor_(Fallout_76)'),(156,'raider armor right leg','Heavy','Right Leg','23','11',NULL,NULL,NULL,NULL,'raider armor','regular','35','https://fallout.fandom.com/wiki/Raider_armor_(Fallout_76)'),(157,'raider armor chest','Heavy','Chest','57','19',NULL,NULL,NULL,NULL,'raider armor','regular','35','https://fallout.fandom.com/wiki/Raider_armor_(Fallout_76)'),(158,'raider armor left arm','Heavy','Left Arm','18','8',NULL,NULL,NULL,NULL,'raider armor','regular','25','https://fallout.fandom.com/wiki/Raider_armor_(Fallout_76)'),(159,'raider armor right arm','Heavy','Right Arm','18','8',NULL,NULL,NULL,NULL,'raider armor','regular','25','https://fallout.fandom.com/wiki/Raider_armor_(Fallout_76)'),(160,'raider armor left leg','Heavy','Left Leg','18','8',NULL,NULL,NULL,NULL,'raider armor','regular','25','https://fallout.fandom.com/wiki/Raider_armor_(Fallout_76)'),(161,'raider armor right leg','Heavy','Right Leg','18','8',NULL,NULL,NULL,NULL,'raider armor','regular','25','https://fallout.fandom.com/wiki/Raider_armor_(Fallout_76)'),(162,'raider armor chest','Heavy','Chest','44','14',NULL,NULL,NULL,NULL,'raider armor','regular','25','https://fallout.fandom.com/wiki/Raider_armor_(Fallout_76)'),(163,'raider armor left arm','Heavy','Left Arm','13','6',NULL,NULL,NULL,NULL,'raider armor','regular','15','https://fallout.fandom.com/wiki/Raider_armor_(Fallout_76)'),(164,'raider armor right arm','Heavy','Right Arm','13','6',NULL,NULL,NULL,NULL,'raider armor','regular','15','https://fallout.fandom.com/wiki/Raider_armor_(Fallout_76)'),(165,'raider armor left leg','Heavy','Left Leg','13','6',NULL,NULL,NULL,NULL,'raider armor','regular','15','https://fallout.fandom.com/wiki/Raider_armor_(Fallout_76)'),(166,'raider armor right leg','Heavy','Right Leg','13','6',NULL,NULL,NULL,NULL,'raider armor','regular','15','https://fallout.fandom.com/wiki/Raider_armor_(Fallout_76)'),(167,'raider armor chest','Heavy','Chest','32','11',NULL,NULL,NULL,NULL,'raider armor','regular','15','https://fallout.fandom.com/wiki/Raider_armor_(Fallout_76)'),(168,'raider armor left arm','Heavy','Left Arm','9','4',NULL,NULL,NULL,NULL,'raider armor','regular','5','https://fallout.fandom.com/wiki/Raider_armor_(Fallout_76)'),(169,'raider armor right arm','Heavy','Right Arm','9','4',NULL,NULL,NULL,NULL,'raider armor','regular','5','https://fallout.fandom.com/wiki/Raider_armor_(Fallout_76)'),(170,'raider armor left leg','Heavy','Left Leg','9','4',NULL,NULL,NULL,NULL,'raider armor','regular','5','https://fallout.fandom.com/wiki/Raider_armor_(Fallout_76)'),(171,'raider armor right leg','Heavy','Right Leg','9','4',NULL,NULL,NULL,NULL,'raider armor','regular','5','https://fallout.fandom.com/wiki/Raider_armor_(Fallout_76)'),(172,'raider armor chest','Heavy','Chest','17','8',NULL,NULL,NULL,NULL,'raider armor','regular','5','https://fallout.fandom.com/wiki/Raider_armor_(Fallout_76)'),(173,'robot armor left arm','Heavy','Left Arm','17','17','15',NULL,NULL,NULL,'robot armor','regular','50','https://fallout.fandom.com/wiki/Robot_armor_(Fallout_76)'),(174,'robot armor right arm','Heavy','Right Arm','17','17','15',NULL,NULL,NULL,'robot armor','regular','50','https://fallout.fandom.com/wiki/Robot_armor_(Fallout_76)'),(175,'robot armor left leg','Heavy','Left Leg','17','17','15',NULL,NULL,NULL,'robot armor','regular','50','https://fallout.fandom.com/wiki/Robot_armor_(Fallout_76)'),(176,'robot armor right leg','Heavy','Right Leg','17','17','15',NULL,NULL,NULL,'robot armor','regular','50','https://fallout.fandom.com/wiki/Robot_armor_(Fallout_76)'),(177,'robot armor chest','Heavy','Chest','42','42','15',NULL,NULL,NULL,'robot armor','regular','50','https://fallout.fandom.com/wiki/Robot_armor_(Fallout_76)'),(178,'robot armor left arm','Heavy','Left Arm','15','15','13',NULL,NULL,NULL,'robot armor','regular','40','https://fallout.fandom.com/wiki/Robot_armor_(Fallout_76)'),(179,'robot armor right arm','Heavy','Right Arm','15','15','13',NULL,NULL,NULL,'robot armor','regular','40','https://fallout.fandom.com/wiki/Robot_armor_(Fallout_76)'),(180,'robot armor left leg','Heavy','Left Leg','15','15','13',NULL,NULL,NULL,'robot armor','regular','40','https://fallout.fandom.com/wiki/Robot_armor_(Fallout_76)'),(181,'robot armor right leg','Heavy','Right Leg','15','15','13',NULL,NULL,NULL,'robot armor','regular','40','https://fallout.fandom.com/wiki/Robot_armor_(Fallout_76)'),(182,'robot armor chest','Heavy','Chest','34','34','13',NULL,NULL,NULL,'robot armor','regular','40','https://fallout.fandom.com/wiki/Robot_armor_(Fallout_76)'),(183,'robot armor left arm','Heavy','Left Arm','12','12','11',NULL,NULL,NULL,'robot armor','regular','30','https://fallout.fandom.com/wiki/Robot_armor_(Fallout_76)'),(184,'robot armor right arm','Heavy','Right Arm','12','12','11',NULL,NULL,NULL,'robot armor','regular','30','https://fallout.fandom.com/wiki/Robot_armor_(Fallout_76)'),(185,'robot armor left leg','Heavy','Left Leg','12','12','11',NULL,NULL,NULL,'robot armor','regular','30','https://fallout.fandom.com/wiki/Robot_armor_(Fallout_76)'),(186,'robot armor right leg','Heavy','Right Leg','12','12','11',NULL,NULL,NULL,'robot armor','regular','30','https://fallout.fandom.com/wiki/Robot_armor_(Fallout_76)'),(187,'robot armor chest','Heavy','Chest','27','27','11',NULL,NULL,NULL,'robot armor','regular','30','https://fallout.fandom.com/wiki/Robot_armor_(Fallout_76)'),(188,'robot armor left arm','Heavy','Left Arm','9','9','9',NULL,NULL,NULL,'robot armor','regular','20','https://fallout.fandom.com/wiki/Robot_armor_(Fallout_76)'),(189,'robot armor right arm','Heavy','Right Arm','9','9','9',NULL,NULL,NULL,'robot armor','regular','20','https://fallout.fandom.com/wiki/Robot_armor_(Fallout_76)'),(190,'robot armor left leg','Heavy','Left Leg','9','9','9',NULL,NULL,NULL,'robot armor','regular','20','https://fallout.fandom.com/wiki/Robot_armor_(Fallout_76)'),(191,'robot armor right leg','Heavy','Right Leg','9','9','9',NULL,NULL,NULL,'robot armor','regular','20','https://fallout.fandom.com/wiki/Robot_armor_(Fallout_76)'),(192,'robot armor chest','Heavy','Chest','20','20','9',NULL,NULL,NULL,'robot armor','regular','20','https://fallout.fandom.com/wiki/Robot_armor_(Fallout_76)'),(193,'robot armor left arm','Heavy','Left Arm','7','7','7',NULL,NULL,NULL,'robot armor','regular','10','https://fallout.fandom.com/wiki/Robot_armor_(Fallout_76)'),(194,'robot armor right arm','Heavy','Right Arm','7','7','7',NULL,NULL,NULL,'robot armor','regular','10','https://fallout.fandom.com/wiki/Robot_armor_(Fallout_76)'),(195,'robot armor left leg','Heavy','Left Leg','7','7','7',NULL,NULL,NULL,'robot armor','regular','10','https://fallout.fandom.com/wiki/Robot_armor_(Fallout_76)'),(196,'robot armor right leg','Heavy','Right Leg','7','7','7',NULL,NULL,NULL,'robot armor','regular','10','https://fallout.fandom.com/wiki/Robot_armor_(Fallout_76)'),(197,'robot armor chest','Heavy','Chest','14','14','7',NULL,NULL,NULL,'robot armor','regular','10','https://fallout.fandom.com/wiki/Robot_armor_(Fallout_76)'),(198,'robot armor helmet','Heavy','Helmet',NULL,NULL,NULL,NULL,NULL,NULL,'robot armor','regular','1','https://fallout.fandom.com/wiki/Robot_armor_(Fallout_76)'),(199,'secret service armor left arm','Heavy','Left Arm','40','40','40',NULL,NULL,NULL,'secret service armor','regular','50','https://fallout.fandom.com/wiki/Secret_Service_armor'),(200,'secret service armor right arm','Heavy','Right Arm','40','40','40',NULL,NULL,NULL,'secret service armor','regular','50','https://fallout.fandom.com/wiki/Secret_Service_armor'),(201,'secret service armor left leg','Heavy','Left Leg','40','40','40',NULL,NULL,NULL,'secret service armor','regular','50','https://fallout.fandom.com/wiki/Secret_Service_armor'),(202,'secret service armor right leg','Heavy','Right Leg','40','40','40',NULL,NULL,NULL,'secret service armor','regular','50','https://fallout.fandom.com/wiki/Secret_Service_armor'),(203,'secret service armor chest','Heavy','Chest','90','60','60',NULL,NULL,NULL,'secret service armor','regular','50','https://fallout.fandom.com/wiki/Secret_Service_armor'),(204,'secret service armor left arm','Heavy','Left Arm','30','30','30',NULL,NULL,NULL,'secret service armor','regular','40','https://fallout.fandom.com/wiki/Secret_Service_armor'),(205,'secret service armor right arm','Heavy','Right Arm','30','30','30',NULL,NULL,NULL,'secret service armor','regular','40','https://fallout.fandom.com/wiki/Secret_Service_armor'),(206,'secret service armor left leg','Heavy','Left Leg','30','30','30',NULL,NULL,NULL,'secret service armor','regular','40','https://fallout.fandom.com/wiki/Secret_Service_armor'),(207,'secret service armor right leg','Heavy','Right Leg','30','30','30',NULL,NULL,NULL,'secret service armor','regular','40','https://fallout.fandom.com/wiki/Secret_Service_armor'),(208,'secret service armor chest','Heavy','Chest','75','50','50',NULL,NULL,NULL,'secret service armor','regular','40','https://fallout.fandom.com/wiki/Secret_Service_armor'),(209,'solar armor left arm','Light','Left Arm','25','20',NULL,NULL,NULL,NULL,'solar armor','regular','50','https://fallout.fandom.com/wiki/Solar_armor'),(210,'solar armor right arm','Light','Right Arm','25','20',NULL,NULL,NULL,NULL,'solar armor','regular','50','https://fallout.fandom.com/wiki/Solar_armor'),(211,'solar armor left leg','Light','Left Leg','25','20',NULL,NULL,NULL,NULL,'solar armor','regular','50','https://fallout.fandom.com/wiki/Solar_armor'),(212,'solar armor right leg','Light','Right Leg','25','20',NULL,NULL,NULL,NULL,'solar armor','regular','50','https://fallout.fandom.com/wiki/Solar_armor'),(213,'solar armor chest','Light','Chest','60','40',NULL,NULL,NULL,NULL,'solar armor','regular','50','https://fallout.fandom.com/wiki/Solar_armor'),(214,'solar armor left arm','Light','Left Arm','21','17',NULL,NULL,NULL,NULL,'solar armor','regular','40','https://fallout.fandom.com/wiki/Solar_armor'),(215,'solar armor right arm','Light','Right Arm','21','17',NULL,NULL,NULL,NULL,'solar armor','regular','40','https://fallout.fandom.com/wiki/Solar_armor'),(216,'solar armor left leg','Light','Left Leg','21','17',NULL,NULL,NULL,NULL,'solar armor','regular','40','https://fallout.fandom.com/wiki/Solar_armor'),(217,'solar armor right leg','Light','Right Leg','21','17',NULL,NULL,NULL,NULL,'solar armor','regular','40','https://fallout.fandom.com/wiki/Solar_armor'),(218,'solar armor chest','Light','Chest','50','33',NULL,NULL,NULL,NULL,'solar armor','regular','40','https://fallout.fandom.com/wiki/Solar_armor'),(219,'solar armor mask','Light','Helmet',NULL,NULL,NULL,NULL,NULL,NULL,'solar armor','regular','1','https://fallout.fandom.com/wiki/Solar_armor'),(220,'thorn armor left arm','Light','Left Arm','25','20',NULL,NULL,NULL,NULL,'thorn armor','regular','50','https://fallout.fandom.com/wiki/Thorn_armor'),(221,'thorn armor right arm','Light','Right Arm','25','20',NULL,NULL,NULL,NULL,'thorn armor','regular','50','https://fallout.fandom.com/wiki/Thorn_armor'),(222,'thorn armor left leg','Light','Left Leg','25','20',NULL,NULL,NULL,NULL,'thorn armor','regular','50','https://fallout.fandom.com/wiki/Thorn_armor'),(223,'thorn armor right leg','Light','Right Leg','25','20',NULL,NULL,NULL,NULL,'thorn armor','regular','50','https://fallout.fandom.com/wiki/Thorn_armor'),(224,'thorn armor chest','Light','Chest','60','40',NULL,NULL,NULL,NULL,'thorn armor','regular','50','https://fallout.fandom.com/wiki/Thorn_armor'),(225,'thorn armor left arm','Light','Left Arm','21','17',NULL,NULL,NULL,NULL,'thorn armor','regular','40','https://fallout.fandom.com/wiki/Thorn_armor'),(226,'thorn armor right arm','Light','Right Arm','21','17',NULL,NULL,NULL,NULL,'thorn armor','regular','40','https://fallout.fandom.com/wiki/Thorn_armor'),(227,'thorn armor left leg','Light','Left Leg','21','17',NULL,NULL,NULL,NULL,'thorn armor','regular','40','https://fallout.fandom.com/wiki/Thorn_armor'),(228,'thorn armor right leg','Light','Right Leg','21','17',NULL,NULL,NULL,NULL,'thorn armor','regular','40','https://fallout.fandom.com/wiki/Thorn_armor'),(229,'thorn armor chest','Light','Chest','50','33',NULL,NULL,NULL,NULL,'thorn armor','regular','40','https://fallout.fandom.com/wiki/Thorn_armor'),(230,'thorn armor mask','Light','Helmet',NULL,NULL,NULL,NULL,NULL,NULL,'thorn armor','regular','1','https://fallout.fandom.com/wiki/Thorn_armor'),(231,'trapper armor left arm','Sturdy','Left Arm','14','10','14',NULL,NULL,NULL,'trapper armor','regular','45','https://fallout.fandom.com/wiki/Trapper_armor_(Fallout_76)'),(232,'trapper armor right arm','Sturdy','Right Arm','14','10','14',NULL,NULL,NULL,'trapper armor','regular','45','https://fallout.fandom.com/wiki/Trapper_armor_(Fallout_76)'),(233,'trapper armor left leg','Sturdy','Left Leg','14','10','14',NULL,NULL,NULL,'trapper armor','regular','45','https://fallout.fandom.com/wiki/Trapper_armor_(Fallout_76)'),(234,'trapper armor right leg','Sturdy','Right Leg','14','10','14',NULL,NULL,NULL,'trapper armor','regular','45','https://fallout.fandom.com/wiki/Trapper_armor_(Fallout_76)'),(235,'trapper armor chest','Sturdy','Chest','35','14','35',NULL,NULL,NULL,'trapper armor','regular','45','https://fallout.fandom.com/wiki/Trapper_armor_(Fallout_76)'),(236,'trapper armor left arm','Sturdy','Left Arm','12','8','12',NULL,NULL,NULL,'trapper armor','regular','35','https://fallout.fandom.com/wiki/Trapper_armor_(Fallout_76)'),(237,'trapper armor right arm','Sturdy','Right Arm','12','8','12',NULL,NULL,NULL,'trapper armor','regular','35','https://fallout.fandom.com/wiki/Trapper_armor_(Fallout_76)'),(238,'trapper armor left leg','Sturdy','Left Leg','12','8','12',NULL,NULL,NULL,'trapper armor','regular','35','https://fallout.fandom.com/wiki/Trapper_armor_(Fallout_76)'),(239,'trapper armor right leg','Sturdy','Right Leg','12','8','12',NULL,NULL,NULL,'trapper armor','regular','35','https://fallout.fandom.com/wiki/Trapper_armor_(Fallout_76)'),(240,'trapper armor chest','Sturdy','Chest','26','12','26',NULL,NULL,NULL,'trapper armor','regular','35','https://fallout.fandom.com/wiki/Trapper_armor_(Fallout_76)'),(241,'trapper armor left arm','Sturdy','Left Arm','9','6','9',NULL,NULL,NULL,'trapper armor','regular','25','https://fallout.fandom.com/wiki/Trapper_armor_(Fallout_76)'),(242,'trapper armor right arm','Sturdy','Right Arm','9','6','9',NULL,NULL,NULL,'trapper armor','regular','25','https://fallout.fandom.com/wiki/Trapper_armor_(Fallout_76)'),(243,'trapper armor left leg','Sturdy','Left Leg','9','6','9',NULL,NULL,NULL,'trapper armor','regular','25','https://fallout.fandom.com/wiki/Trapper_armor_(Fallout_76)'),(244,'trapper armor right leg','Sturdy','Right Leg','9','6','9',NULL,NULL,NULL,'trapper armor','regular','25','https://fallout.fandom.com/wiki/Trapper_armor_(Fallout_76)'),(245,'trapper armor chest','Sturdy','Chest','20','9','20',NULL,NULL,NULL,'trapper armor','regular','25','https://fallout.fandom.com/wiki/Trapper_armor_(Fallout_76)'),(246,'trapper armor left arm','Sturdy','Left Arm','6','4','6',NULL,NULL,NULL,'trapper armor','regular','15','https://fallout.fandom.com/wiki/Trapper_armor_(Fallout_76)'),(247,'trapper armor right arm','Sturdy','Right Arm','6','4','6',NULL,NULL,NULL,'trapper armor','regular','15','https://fallout.fandom.com/wiki/Trapper_armor_(Fallout_76)'),(248,'trapper armor left leg','Sturdy','Left Leg','6','4','6',NULL,NULL,NULL,'trapper armor','regular','15','https://fallout.fandom.com/wiki/Trapper_armor_(Fallout_76)'),(249,'trapper armor right leg','Sturdy','Right Leg','6','4','6',NULL,NULL,NULL,'trapper armor','regular','15','https://fallout.fandom.com/wiki/Trapper_armor_(Fallout_76)'),(250,'trapper armor chest','Sturdy','Chest','14','7','14',NULL,NULL,NULL,'trapper armor','regular','15','https://fallout.fandom.com/wiki/Trapper_armor_(Fallout_76)'),(251,'urban scout armor left arm','Light','Left Arm','25','20',NULL,NULL,NULL,NULL,'urban scout armor','regular','50','https://fallout.fandom.com/wiki/Urban_scout_armor'),(252,'urban scout armor right arm','Light','Right Arm','25','20',NULL,NULL,NULL,NULL,'urban scout armor','regular','50','https://fallout.fandom.com/wiki/Urban_scout_armor'),(253,'urban scout armor left leg','Light','Left Leg','25','20',NULL,NULL,NULL,NULL,'urban scout armor','regular','50','https://fallout.fandom.com/wiki/Urban_scout_armor'),(254,'urban scout armor right leg','Light','Right Leg','25','20',NULL,NULL,NULL,NULL,'urban scout armor','regular','50','https://fallout.fandom.com/wiki/Urban_scout_armor'),(255,'urban scout armor chest','Light','Chest','60','40',NULL,NULL,NULL,NULL,'urban scout armor','regular','50','https://fallout.fandom.com/wiki/Urban_scout_armor'),(256,'urban scout armor left arm','Light','Left Arm','21','17',NULL,NULL,NULL,NULL,'urban scout armor','regular','40','https://fallout.fandom.com/wiki/Urban_scout_armor'),(257,'urban scout armor right arm','Light','Right Arm','21','17',NULL,NULL,NULL,NULL,'urban scout armor','regular','40','https://fallout.fandom.com/wiki/Urban_scout_armor'),(258,'urban scout armor left leg','Light','Left Leg','21','17',NULL,NULL,NULL,NULL,'urban scout armor','regular','40','https://fallout.fandom.com/wiki/Urban_scout_armor'),(259,'urban scout armor right leg','Light','Right Leg','21','17',NULL,NULL,NULL,NULL,'urban scout armor','regular','40','https://fallout.fandom.com/wiki/Urban_scout_armor'),(260,'urban scout armor chest','Light','Chest','50','33',NULL,NULL,NULL,NULL,'urban scout armor','regular','40','https://fallout.fandom.com/wiki/Urban_scout_armor'),(261,'urban scout armor mask','Light','Helmet',NULL,NULL,NULL,NULL,NULL,NULL,'urban scout armor','regular','1','https://fallout.fandom.com/wiki/Urban_scout_armor'),(262,'wood armor left arm','Light','Left Arm','22','6',NULL,NULL,NULL,NULL,'wood armor','regular','45','https://fallout.fandom.com/wiki/Wood_armor'),(263,'wood armor right arm','Light','Right Arm','22','6',NULL,NULL,NULL,NULL,'wood armor','regular','45','https://fallout.fandom.com/wiki/Wood_armor'),(264,'wood armor left leg','Light','Left Leg','22','6',NULL,NULL,NULL,NULL,'wood armor','regular','45','https://fallout.fandom.com/wiki/Wood_armor'),(265,'wood armor right leg','Light','Right Leg','22','6',NULL,NULL,NULL,NULL,'wood armor','regular','45','https://fallout.fandom.com/wiki/Wood_armor'),(266,'wood armor chest','Light','Chest','45','9',NULL,NULL,NULL,NULL,'wood armor','regular','45','https://fallout.fandom.com/wiki/Wood_armor'),(267,'wood armor left arm','Light','Left Arm','18','5',NULL,NULL,NULL,NULL,'wood armor','regular','35','https://fallout.fandom.com/wiki/Wood_armor'),(268,'wood armor right arm','Light','Right Arm','18','5',NULL,NULL,NULL,NULL,'wood armor','regular','35','https://fallout.fandom.com/wiki/Wood_armor'),(269,'wood armor left leg','Light','Left Leg','18','5',NULL,NULL,NULL,NULL,'wood armor','regular','35','https://fallout.fandom.com/wiki/Wood_armor'),(270,'wood armor right leg','Light','Right Leg','18','5',NULL,NULL,NULL,NULL,'wood armor','regular','35','https://fallout.fandom.com/wiki/Wood_armor'),(271,'wood armor chest','Light','Chest','37','8',NULL,NULL,NULL,NULL,'wood armor','regular','35','https://fallout.fandom.com/wiki/Wood_armor'),(272,'wood armor left arm','Light','Left Arm','14','4',NULL,NULL,NULL,NULL,'wood armor','regular','25','https://fallout.fandom.com/wiki/Wood_armor'),(273,'wood armor right arm','Light','Right Arm','14','4',NULL,NULL,NULL,NULL,'wood armor','regular','25','https://fallout.fandom.com/wiki/Wood_armor'),(274,'wood armor left leg','Light','Left Leg','14','4',NULL,NULL,NULL,NULL,'wood armor','regular','25','https://fallout.fandom.com/wiki/Wood_armor'),(275,'wood armor right leg','Light','Right Leg','14','4',NULL,NULL,NULL,NULL,'wood armor','regular','25','https://fallout.fandom.com/wiki/Wood_armor'),(276,'wood armor chest','Light','Chest','28','7',NULL,NULL,NULL,NULL,'wood armor','regular','25','https://fallout.fandom.com/wiki/Wood_armor'),(277,'wood armor left arm','Light','Left Arm','9','3',NULL,NULL,NULL,NULL,'wood armor','regular','15','https://fallout.fandom.com/wiki/Wood_armor'),(278,'wood armor right arm','Light','Right Arm','9','3',NULL,NULL,NULL,NULL,'wood armor','regular','15','https://fallout.fandom.com/wiki/Wood_armor'),(279,'wood armor left leg','Light','Left Leg','9','3',NULL,NULL,NULL,NULL,'wood armor','regular','15','https://fallout.fandom.com/wiki/Wood_armor'),(280,'wood armor right leg','Light','Right Leg','9','3',NULL,NULL,NULL,NULL,'wood armor','regular','15','https://fallout.fandom.com/wiki/Wood_armor'),(281,'wood armor chest','Light','Chest','19','6',NULL,NULL,NULL,NULL,'wood armor','regular','15','https://fallout.fandom.com/wiki/Wood_armor'),(282,'wood armor left arm','Light','Left Arm','4','2',NULL,NULL,NULL,NULL,'wood armor','regular','5','https://fallout.fandom.com/wiki/Wood_armor'),(283,'wood armor right arm','Light','Right Arm','4','2',NULL,NULL,NULL,NULL,'wood armor','regular','5','https://fallout.fandom.com/wiki/Wood_armor'),(284,'wood armor left leg','Light','Left Leg','4','2',NULL,NULL,NULL,NULL,'wood armor','regular','5','https://fallout.fandom.com/wiki/Wood_armor'),(285,'wood armor right leg','Light','Right Leg','4','2',NULL,NULL,NULL,NULL,'wood armor','regular','5','https://fallout.fandom.com/wiki/Wood_armor'),(286,'wood armor chest','Light','Chest','12','4',NULL,NULL,NULL,NULL,'wood armor','regular','5','https://fallout.fandom.com/wiki/Wood_armor'),(287,'wood armor left arm','Light','Left Arm','2','1',NULL,NULL,NULL,NULL,'wood armor','regular','1','https://fallout.fandom.com/wiki/Wood_armor'),(288,'wood armor right arm','Light','Right Arm','2','1',NULL,NULL,NULL,NULL,'wood armor','regular','1','https://fallout.fandom.com/wiki/Wood_armor'),(289,'wood armor left leg','Light','Left Leg','2','1',NULL,NULL,NULL,NULL,'wood armor','regular','1','https://fallout.fandom.com/wiki/Wood_armor'),(290,'wood armor right leg','Light','Right Leg','2','1',NULL,NULL,NULL,NULL,'wood armor','regular','1','https://fallout.fandom.com/wiki/Wood_armor'),(291,'wood armor chest','Light','Chest','7','3',NULL,NULL,NULL,NULL,'wood armor','regular','1','https://fallout.fandom.com/wiki/Wood_armor'),(292,'excavator power armor helmet',NULL,'Helmet','36','36','55',NULL,NULL,NULL,'excavator power armor','power','45','https://fallout.fandom.com/wiki/Excavator_power_armor'),(293,'excavator power armor left arm',NULL,'Left Arm','36','36','55',NULL,NULL,NULL,'excavator power armor','power','45','https://fallout.fandom.com/wiki/Excavator_power_armor'),(294,'excavator power armor right arm',NULL,'Right Arm','36','36','55',NULL,NULL,NULL,'excavator power armor','power','45','https://fallout.fandom.com/wiki/Excavator_power_armor'),(295,'excavator power armor left leg',NULL,'Left Leg','36','36','55',NULL,NULL,NULL,'excavator power armor','power','45','https://fallout.fandom.com/wiki/Excavator_power_armor'),(296,'excavator power armor right leg',NULL,'Right Leg','36','36','55',NULL,NULL,NULL,'excavator power armor','power','45','https://fallout.fandom.com/wiki/Excavator_power_armor'),(297,'excavator power armor torso',NULL,'Torso','60','60','91',NULL,NULL,NULL,'excavator power armor','power','45','https://fallout.fandom.com/wiki/Excavator_power_armor'),(298,'excavator power armor helmet',NULL,'Helmet','30','30','45',NULL,NULL,NULL,'excavator power armor','power','35','https://fallout.fandom.com/wiki/Excavator_power_armor'),(299,'excavator power armor left arm',NULL,'Left Arm','30','30','45',NULL,NULL,NULL,'excavator power armor','power','35','https://fallout.fandom.com/wiki/Excavator_power_armor'),(300,'excavator power armor right arm',NULL,'Right Arm','30','30','45',NULL,NULL,NULL,'excavator power armor','power','35','https://fallout.fandom.com/wiki/Excavator_power_armor'),(301,'excavator power armor left leg',NULL,'Left Leg','30','30','45',NULL,NULL,NULL,'excavator power armor','power','35','https://fallout.fandom.com/wiki/Excavator_power_armor'),(302,'excavator power armor right leg',NULL,'Right Leg','30','30','45',NULL,NULL,NULL,'excavator power armor','power','35','https://fallout.fandom.com/wiki/Excavator_power_armor'),(303,'excavator power armor torso',NULL,'Torso','51','51','75',NULL,NULL,NULL,'excavator power armor','power','35','https://fallout.fandom.com/wiki/Excavator_power_armor'),(304,'excavator power armor helmet',NULL,'Helmet','24','24','35',NULL,NULL,NULL,'excavator power armor','power','25','https://fallout.fandom.com/wiki/Excavator_power_armor'),(305,'excavator power armor left arm',NULL,'Left Arm','24','24','35',NULL,NULL,NULL,'excavator power armor','power','25','https://fallout.fandom.com/wiki/Excavator_power_armor'),(306,'excavator power armor right arm',NULL,'Right Arm','24','24','35',NULL,NULL,NULL,'excavator power armor','power','25','https://fallout.fandom.com/wiki/Excavator_power_armor'),(307,'excavator power armor left leg',NULL,'Left Leg','24','24','35',NULL,NULL,NULL,'excavator power armor','power','25','https://fallout.fandom.com/wiki/Excavator_power_armor'),(308,'excavator power armor right leg',NULL,'Right Leg','24','24','35',NULL,NULL,NULL,'excavator power armor','power','25','https://fallout.fandom.com/wiki/Excavator_power_armor'),(309,'excavator power armor torso',NULL,'Torso','42','42','59',NULL,NULL,NULL,'excavator power armor','power','25','https://fallout.fandom.com/wiki/Excavator_power_armor'),(310,'raider power armor helmet',NULL,'Helmet','51','51','51',NULL,NULL,NULL,'raider power armor','power','45','https://fallout.fandom.com/wiki/Raider_power_armor_(Fallout_76)'),(311,'raider power armor left arm',NULL,'Left Arm','51','51','51',NULL,NULL,NULL,'raider power armor','power','45','https://fallout.fandom.com/wiki/Raider_power_armor_(Fallout_76)'),(312,'raider power armor right arm',NULL,'Right Arm','51','51','51',NULL,NULL,NULL,'raider power armor','power','45','https://fallout.fandom.com/wiki/Raider_power_armor_(Fallout_76)'),(313,'raider power armor left leg',NULL,'Left Leg','51','51','51',NULL,NULL,NULL,'raider power armor','power','45','https://fallout.fandom.com/wiki/Raider_power_armor_(Fallout_76)'),(314,'raider power armor right leg',NULL,'Right Leg','51','51','51',NULL,NULL,NULL,'raider power armor','power','45','https://fallout.fandom.com/wiki/Raider_power_armor_(Fallout_76)'),(315,'raider power armor torso',NULL,'Torso','86','86','86',NULL,NULL,NULL,'raider power armor','power','45','https://fallout.fandom.com/wiki/Raider_power_armor_(Fallout_76)'),(316,'raider power armor helmet',NULL,'Helmet','42','42','42',NULL,NULL,NULL,'raider power armor','power','35','https://fallout.fandom.com/wiki/Raider_power_armor_(Fallout_76)'),(317,'raider power armor left arm',NULL,'Left Arm','42','42','42',NULL,NULL,NULL,'raider power armor','power','35','https://fallout.fandom.com/wiki/Raider_power_armor_(Fallout_76)'),(318,'raider power armor right arm',NULL,'Right Arm','42','42','42',NULL,NULL,NULL,'raider power armor','power','35','https://fallout.fandom.com/wiki/Raider_power_armor_(Fallout_76)'),(319,'raider power armor left leg',NULL,'Left Leg','42','42','42',NULL,NULL,NULL,'raider power armor','power','35','https://fallout.fandom.com/wiki/Raider_power_armor_(Fallout_76)'),(320,'raider power armor right leg',NULL,'Right Leg','42','42','42',NULL,NULL,NULL,'raider power armor','power','35','https://fallout.fandom.com/wiki/Raider_power_armor_(Fallout_76)'),(321,'raider power armor torso',NULL,'Torso','71','71','71',NULL,NULL,NULL,'raider power armor','power','35','https://fallout.fandom.com/wiki/Raider_power_armor_(Fallout_76)'),(322,'raider power armor helmet',NULL,'Helmet','24','24','24',NULL,NULL,NULL,'raider power armor','power','25','https://fallout.fandom.com/wiki/Raider_power_armor_(Fallout_76)'),(323,'raider power armor left arm',NULL,'Left Arm','24','24','24',NULL,NULL,NULL,'raider power armor','power','25','https://fallout.fandom.com/wiki/Raider_power_armor_(Fallout_76)'),(324,'raider power armor right arm',NULL,'Right Arm','24','24','24',NULL,NULL,NULL,'raider power armor','power','25','https://fallout.fandom.com/wiki/Raider_power_armor_(Fallout_76)'),(325,'raider power armor left leg',NULL,'Left Leg','24','24','24',NULL,NULL,NULL,'raider power armor','power','25','https://fallout.fandom.com/wiki/Raider_power_armor_(Fallout_76)'),(326,'raider power armor right leg',NULL,'Right Leg','24','24','24',NULL,NULL,NULL,'raider power armor','power','25','https://fallout.fandom.com/wiki/Raider_power_armor_(Fallout_76)'),(327,'raider power armor torso',NULL,'Torso','40','40','40',NULL,NULL,NULL,'raider power armor','power','25','https://fallout.fandom.com/wiki/Raider_power_armor_(Fallout_76)'),(328,'raider power armor helmet',NULL,'Helmet','33','33','33',NULL,NULL,NULL,'raider power armor','power','15','https://fallout.fandom.com/wiki/Raider_power_armor_(Fallout_76)'),(329,'raider power armor left arm',NULL,'Left Arm','33','33','33',NULL,NULL,NULL,'raider power armor','power','15','https://fallout.fandom.com/wiki/Raider_power_armor_(Fallout_76)'),(330,'raider power armor right arm',NULL,'Right Arm','33','33','33',NULL,NULL,NULL,'raider power armor','power','15','https://fallout.fandom.com/wiki/Raider_power_armor_(Fallout_76)'),(331,'raider power armor left leg',NULL,'Left Leg','33','33','33',NULL,NULL,NULL,'raider power armor','power','15','https://fallout.fandom.com/wiki/Raider_power_armor_(Fallout_76)'),(332,'raider power armor right leg',NULL,'Right Leg','33','33','33',NULL,NULL,NULL,'raider power armor','power','15','https://fallout.fandom.com/wiki/Raider_power_armor_(Fallout_76)'),(333,'raider power armor torso',NULL,'Torso','55','55','55',NULL,NULL,NULL,'raider power armor','power','15','https://fallout.fandom.com/wiki/Raider_power_armor_(Fallout_76)'),(334,'t-45 power armor helmet',NULL,'Helmet','60','40','40',NULL,NULL,NULL,'t-45 power armor','power','45','https://fallout.fandom.com/wiki/T-45_power_armor_(Fallout_76)'),(335,'t-45 power armor left arm',NULL,'Left Arm','60','40','40',NULL,NULL,NULL,'t-45 power armor','power','45','https://fallout.fandom.com/wiki/T-45_power_armor_(Fallout_76)'),(336,'t-45 power armor right arm',NULL,'Right Arm','60','40','40',NULL,NULL,NULL,'t-45 power armor','power','45','https://fallout.fandom.com/wiki/T-45_power_armor_(Fallout_76)'),(337,'t-45 power armor left leg',NULL,'Left Leg','60','40','40',NULL,NULL,NULL,'t-45 power armor','power','45','https://fallout.fandom.com/wiki/T-45_power_armor_(Fallout_76)'),(338,'t-45 power armor right leg',NULL,'Right Leg','60','40','40',NULL,NULL,NULL,'t-45 power armor','power','45','https://fallout.fandom.com/wiki/T-45_power_armor_(Fallout_76)'),(339,'t-45 power armor torso',NULL,'Torso','91','60','60',NULL,NULL,NULL,'t-45 power armor','power','45','https://fallout.fandom.com/wiki/T-45_power_armor_(Fallout_76)'),(340,'t-45 power armor helmet',NULL,'Helmet','51','35','35',NULL,NULL,NULL,'t-45 power armor','power','35','https://fallout.fandom.com/wiki/T-45_power_armor_(Fallout_76)'),(341,'t-45 power armor left arm',NULL,'Left Arm','51','35','35',NULL,NULL,NULL,'t-45 power armor','power','35','https://fallout.fandom.com/wiki/T-45_power_armor_(Fallout_76)'),(342,'t-45 power armor right arm',NULL,'Right Arm','51','35','35',NULL,NULL,NULL,'t-45 power armor','power','35','https://fallout.fandom.com/wiki/T-45_power_armor_(Fallout_76)'),(343,'t-45 power armor left leg',NULL,'Left Leg','51','35','35',NULL,NULL,NULL,'t-45 power armor','power','35','https://fallout.fandom.com/wiki/T-45_power_armor_(Fallout_76)'),(344,'t-45 power armor right leg',NULL,'Right Leg','51','35','35',NULL,NULL,NULL,'t-45 power armor','power','35','https://fallout.fandom.com/wiki/T-45_power_armor_(Fallout_76)'),(345,'t-45 power armor torso',NULL,'Torso','75','50','50',NULL,NULL,NULL,'t-45 power armor','power','35','https://fallout.fandom.com/wiki/T-45_power_armor_(Fallout_76)'),(346,'t-45 power armor helmet',NULL,'Helmet','42','30','30',NULL,NULL,NULL,'t-45 power armor','power','25','https://fallout.fandom.com/wiki/T-45_power_armor_(Fallout_76)'),(347,'t-45 power armor left arm',NULL,'Left Arm','42','30','30',NULL,NULL,NULL,'t-45 power armor','power','25','https://fallout.fandom.com/wiki/T-45_power_armor_(Fallout_76)'),(348,'t-45 power armor right arm',NULL,'Right Arm','42','30','30',NULL,NULL,NULL,'t-45 power armor','power','25','https://fallout.fandom.com/wiki/T-45_power_armor_(Fallout_76)'),(349,'t-45 power armor left leg',NULL,'Left Leg','42','30','30',NULL,NULL,NULL,'t-45 power armor','power','25','https://fallout.fandom.com/wiki/T-45_power_armor_(Fallout_76)'),(350,'t-45 power armor right leg',NULL,'Right Leg','42','30','30',NULL,NULL,NULL,'t-45 power armor','power','25','https://fallout.fandom.com/wiki/T-45_power_armor_(Fallout_76)'),(351,'t-45 power armor torso',NULL,'Torso','59','42','42',NULL,NULL,NULL,'t-45 power armor','power','25','https://fallout.fandom.com/wiki/T-45_power_armor_(Fallout_76)'),(352,'t-51b power armor helmet',NULL,'Helmet','45','45','27',NULL,NULL,NULL,'t-51b power armor','power','30','https://fallout.fandom.com/wiki/T-51b_power_armor_(Fallout_76)'),(353,'t-51b power armor left arm',NULL,'Left Arm','45','45','27',NULL,NULL,NULL,'t-51b power armor','power','30','https://fallout.fandom.com/wiki/T-51b_power_armor_(Fallout_76)'),(354,'t-51b power armor right arm',NULL,'Right Arm','45','45','27',NULL,NULL,NULL,'t-51b power armor','power','30','https://fallout.fandom.com/wiki/T-51b_power_armor_(Fallout_76)'),(355,'t-51b power armor left leg',NULL,'Left Leg','45','45','27',NULL,NULL,NULL,'t-51b power armor','power','30','https://fallout.fandom.com/wiki/T-51b_power_armor_(Fallout_76)'),(356,'t-51b power armor right leg',NULL,'Right Leg','45','45','27',NULL,NULL,NULL,'t-51b power armor','power','30','https://fallout.fandom.com/wiki/T-51b_power_armor_(Fallout_76)'),(357,'t-51b power armor torso',NULL,'Torso','75','75','46',NULL,NULL,NULL,'t-51b power armor','power','30','https://fallout.fandom.com/wiki/T-51b_power_armor_(Fallout_76)'),(358,'t-51b power armor helmet',NULL,'Helmet','56','56','33',NULL,NULL,NULL,'t-51b power armor','power','40','https://fallout.fandom.com/wiki/T-51b_power_armor_(Fallout_76)'),(359,'t-51b power armor left arm',NULL,'Left Arm','56','56','33',NULL,NULL,NULL,'t-51b power armor','power','40','https://fallout.fandom.com/wiki/T-51b_power_armor_(Fallout_76)'),(360,'t-51b power armor right arm',NULL,'Right Arm','56','56','33',NULL,NULL,NULL,'t-51b power armor','power','40','https://fallout.fandom.com/wiki/T-51b_power_armor_(Fallout_76)'),(361,'t-51b power armor left leg',NULL,'Left Leg','56','56','33',NULL,NULL,NULL,'t-51b power armor','power','40','https://fallout.fandom.com/wiki/T-51b_power_armor_(Fallout_76)'),(362,'t-51b power armor right leg',NULL,'Right Leg','56','56','33',NULL,NULL,NULL,'t-51b power armor','power','40','https://fallout.fandom.com/wiki/T-51b_power_armor_(Fallout_76)'),(363,'t-51b power armor torso',NULL,'Torso','94','94','55',NULL,NULL,NULL,'t-51b power armor','power','40','https://fallout.fandom.com/wiki/T-51b_power_armor_(Fallout_76)'),(364,'t-51b power armor helmet',NULL,'Helmet','68','68','49',NULL,NULL,NULL,'t-51b power armor','power','50','https://fallout.fandom.com/wiki/T-51b_power_armor_(Fallout_76)'),(365,'t-51b power armor left arm',NULL,'Left Arm','68','68','49',NULL,NULL,NULL,'t-51b power armor','power','50','https://fallout.fandom.com/wiki/T-51b_power_armor_(Fallout_76)'),(366,'t-51b power armor right arm',NULL,'Right Arm','68','68','49',NULL,NULL,NULL,'t-51b power armor','power','50','https://fallout.fandom.com/wiki/T-51b_power_armor_(Fallout_76)'),(367,'t-51b power armor left leg',NULL,'Left Leg','68','68','49',NULL,NULL,NULL,'t-51b power armor','power','50','https://fallout.fandom.com/wiki/T-51b_power_armor_(Fallout_76)'),(368,'t-51b power armor right leg',NULL,'Right Leg','68','68','49',NULL,NULL,NULL,'t-51b power armor','power','50','https://fallout.fandom.com/wiki/T-51b_power_armor_(Fallout_76)'),(369,'t-51b power armor torso',NULL,'Torso','114','114','65',NULL,NULL,NULL,'t-51b power armor','power','50','https://fallout.fandom.com/wiki/T-51b_power_armor_(Fallout_76)'),(370,'t-60 power armor helmet',NULL,'Helmet','51','51','21',NULL,NULL,NULL,'t-60 power armor','power','30','https://fallout.fandom.com/wiki/T-60_power_armor_(Fallout_76)'),(371,'t-60 power armor left arm',NULL,'Left Arm','51','51','21',NULL,NULL,NULL,'t-60 power armor','power','30','https://fallout.fandom.com/wiki/T-60_power_armor_(Fallout_76)'),(372,'t-60 power armor right arm',NULL,'Right Arm','51','51','21',NULL,NULL,NULL,'t-60 power armor','power','30','https://fallout.fandom.com/wiki/T-60_power_armor_(Fallout_76)'),(373,'t-60 power armor left leg',NULL,'Left Leg','51','51','21',NULL,NULL,NULL,'t-60 power armor','power','30','https://fallout.fandom.com/wiki/T-60_power_armor_(Fallout_76)'),(374,'t-60 power armor right leg',NULL,'Right Leg','51','51','21',NULL,NULL,NULL,'t-60 power armor','power','30','https://fallout.fandom.com/wiki/T-60_power_armor_(Fallout_76)'),(375,'t-60 power armor torso',NULL,'Torso','85','85','31',NULL,NULL,NULL,'t-60 power armor','power','30','https://fallout.fandom.com/wiki/T-60_power_armor_(Fallout_76)'),(376,'t-60 power armor helmet',NULL,'Helmet','62','62','25',NULL,NULL,NULL,'t-60 power armor','power','40','https://fallout.fandom.com/wiki/T-60_power_armor_(Fallout_76)'),(377,'t-60 power armor left arm',NULL,'Left Arm','62','62','25',NULL,NULL,NULL,'t-60 power armor','power','40','https://fallout.fandom.com/wiki/T-60_power_armor_(Fallout_76)'),(378,'t-60 power armor right arm',NULL,'Right Arm','62','62','25',NULL,NULL,NULL,'t-60 power armor','power','40','https://fallout.fandom.com/wiki/T-60_power_armor_(Fallout_76)'),(379,'t-60 power armor left leg',NULL,'Left Leg','62','62','25',NULL,NULL,NULL,'t-60 power armor','power','40','https://fallout.fandom.com/wiki/T-60_power_armor_(Fallout_76)'),(380,'t-60 power armor right leg',NULL,'Right Leg','62','62','25',NULL,NULL,NULL,'t-60 power armor','power','40','https://fallout.fandom.com/wiki/T-60_power_armor_(Fallout_76)'),(381,'t-60 power armor torso',NULL,'Torso','103','103','38',NULL,NULL,NULL,'t-60 power armor','power','40','https://fallout.fandom.com/wiki/T-60_power_armor_(Fallout_76)'),(382,'t-60 power armor helmet',NULL,'Helmet','74','74','30',NULL,NULL,NULL,'t-60 power armor','power','50','https://fallout.fandom.com/wiki/T-60_power_armor_(Fallout_76)'),(383,'t-60 power armor left arm',NULL,'Left Arm','74','74','30',NULL,NULL,NULL,'t-60 power armor','power','50','https://fallout.fandom.com/wiki/T-60_power_armor_(Fallout_76)'),(384,'t-60 power armor right arm',NULL,'Right Arm','74','74','30',NULL,NULL,NULL,'t-60 power armor','power','50','https://fallout.fandom.com/wiki/T-60_power_armor_(Fallout_76)'),(385,'t-60 power armor left leg',NULL,'Left Leg','74','74','30',NULL,NULL,NULL,'t-60 power armor','power','50','https://fallout.fandom.com/wiki/T-60_power_armor_(Fallout_76)'),(386,'t-60 power armor right leg',NULL,'Right Leg','74','74','30',NULL,NULL,NULL,'t-60 power armor','power','50','https://fallout.fandom.com/wiki/T-60_power_armor_(Fallout_76)'),(387,'t-60 power armor torso',NULL,'Torso','123','123','45',NULL,NULL,NULL,'t-60 power armor','power','50','https://fallout.fandom.com/wiki/T-60_power_armor_(Fallout_76)'),(388,'t-65 power armor helmet',NULL,'Helmet','62','62','30',NULL,NULL,NULL,'t-65 power armor','power','30','https://fallout.fandom.com/wiki/T-65_power_armor'),(389,'t-65 power armor left arm',NULL,'Left Arm','62','62','30',NULL,NULL,NULL,'t-65 power armor','power','30','https://fallout.fandom.com/wiki/T-65_power_armor'),(390,'t-65 power armor right arm',NULL,'Right Arm','62','62','30',NULL,NULL,NULL,'t-65 power armor','power','30','https://fallout.fandom.com/wiki/T-65_power_armor'),(391,'t-65 power armor left leg',NULL,'Left Leg','62','62','30',NULL,NULL,NULL,'t-65 power armor','power','30','https://fallout.fandom.com/wiki/T-65_power_armor'),(392,'t-65 power armor right leg',NULL,'Right Leg','62','62','30',NULL,NULL,NULL,'t-65 power armor','power','30','https://fallout.fandom.com/wiki/T-65_power_armor'),(393,'t-65 power armor torso',NULL,'Torso','100','100','35',NULL,NULL,NULL,'t-65 power armor','power','30','https://fallout.fandom.com/wiki/T-65_power_armor'),(394,'t-65 power armor helmet',NULL,'Helmet','74','74','35',NULL,NULL,NULL,'t-65 power armor','power','40','https://fallout.fandom.com/wiki/T-65_power_armor'),(395,'t-65 power armor left arm',NULL,'Left Arm','74','74','35',NULL,NULL,NULL,'t-65 power armor','power','40','https://fallout.fandom.com/wiki/T-65_power_armor'),(396,'t-65 power armor right arm',NULL,'Right Arm','74','74','35',NULL,NULL,NULL,'t-65 power armor','power','40','https://fallout.fandom.com/wiki/T-65_power_armor'),(397,'t-65 power armor left leg',NULL,'Left Leg','74','74','35',NULL,NULL,NULL,'t-65 power armor','power','40','https://fallout.fandom.com/wiki/T-65_power_armor'),(398,'t-65 power armor right leg',NULL,'Right Leg','74','74','35',NULL,NULL,NULL,'t-65 power armor','power','40','https://fallout.fandom.com/wiki/T-65_power_armor'),(399,'t-65 power armor torso',NULL,'Torso','119','119','42',NULL,NULL,NULL,'t-65 power armor','power','40','https://fallout.fandom.com/wiki/T-65_power_armor'),(400,'t-65 power armor helmet',NULL,'Helmet','90','90','40',NULL,NULL,NULL,'t-65 power armor','power','50','https://fallout.fandom.com/wiki/T-65_power_armor'),(401,'t-65 power armor left arm',NULL,'Left Arm','90','90','40',NULL,NULL,NULL,'t-65 power armor','power','50','https://fallout.fandom.com/wiki/T-65_power_armor'),(402,'t-65 power armor right arm',NULL,'Right Arm','90','90','40',NULL,NULL,NULL,'t-65 power armor','power','50','https://fallout.fandom.com/wiki/T-65_power_armor'),(403,'t-65 power armor left leg',NULL,'Left Leg','90','90','40',NULL,NULL,NULL,'t-65 power armor','power','50','https://fallout.fandom.com/wiki/T-65_power_armor'),(404,'t-65 power armor right leg',NULL,'Right Leg','90','90','40',NULL,NULL,NULL,'t-65 power armor','power','50','https://fallout.fandom.com/wiki/T-65_power_armor'),(405,'t-65 power armor torso',NULL,'Torso','144','144','50',NULL,NULL,NULL,'t-65 power armor','power','50','https://fallout.fandom.com/wiki/T-65_power_armor'),(406,'ultracite power armor helmet',NULL,'Helmet','71','71','27',NULL,NULL,NULL,'ultracite power armor','power','30','https://fallout.fandom.com/wiki/Ultracite_power_armor'),(407,'ultracite power armor left arm',NULL,'Left Arm','71','71','27',NULL,NULL,NULL,'ultracite power armor','power','30','https://fallout.fandom.com/wiki/Ultracite_power_armor'),(408,'ultracite power armor right arm',NULL,'Right Arm','71','71','27',NULL,NULL,NULL,'ultracite power armor','power','30','https://fallout.fandom.com/wiki/Ultracite_power_armor'),(409,'ultracite power armor left leg',NULL,'Left Leg','71','71','27',NULL,NULL,NULL,'ultracite power armor','power','30','https://fallout.fandom.com/wiki/Ultracite_power_armor'),(410,'ultracite power armor right leg',NULL,'Right Leg','71','71','27',NULL,NULL,NULL,'ultracite power armor','power','30','https://fallout.fandom.com/wiki/Ultracite_power_armor'),(411,'ultracite power armor torso',NULL,'Torso','100','100','38',NULL,NULL,NULL,'ultracite power armor','power','30','https://fallout.fandom.com/wiki/Ultracite_power_armor'),(412,'ultracite power armor helmet',NULL,'Helmet','90','90','34',NULL,NULL,NULL,'ultracite power armor','power','40','https://fallout.fandom.com/wiki/Ultracite_power_armor'),(413,'ultracite power armor left arm',NULL,'Left Arm','90','90','34',NULL,NULL,NULL,'ultracite power armor','power','40','https://fallout.fandom.com/wiki/Ultracite_power_armor'),(414,'ultracite power armor right arm',NULL,'Right Arm','90','90','34',NULL,NULL,NULL,'ultracite power armor','power','40','https://fallout.fandom.com/wiki/Ultracite_power_armor'),(415,'ultracite power armor left leg',NULL,'Left Leg','90','90','34',NULL,NULL,NULL,'ultracite power armor','power','40','https://fallout.fandom.com/wiki/Ultracite_power_armor'),(416,'ultracite power armor right leg',NULL,'Right Leg','90','90','34',NULL,NULL,NULL,'ultracite power armor','power','40','https://fallout.fandom.com/wiki/Ultracite_power_armor'),(417,'ultracite power armor torso',NULL,'Torso','126','126','47',NULL,NULL,NULL,'ultracite power armor','power','40','https://fallout.fandom.com/wiki/Ultracite_power_armor'),(418,'ultracite power armor helmet',NULL,'Helmet','112','112','42',NULL,NULL,NULL,'ultracite power armor','power','50','https://fallout.fandom.com/wiki/Ultracite_power_armor'),(419,'ultracite power armor left arm',NULL,'Left Arm','112','112','42',NULL,NULL,NULL,'ultracite power armor','power','50','https://fallout.fandom.com/wiki/Ultracite_power_armor'),(420,'ultracite power armor right arm',NULL,'Right Arm','112','112','42',NULL,NULL,NULL,'ultracite power armor','power','50','https://fallout.fandom.com/wiki/Ultracite_power_armor'),(421,'ultracite power armor left leg',NULL,'Left Leg','112','112','42',NULL,NULL,NULL,'ultracite power armor','power','50','https://fallout.fandom.com/wiki/Ultracite_power_armor'),(422,'ultracite power armor right leg',NULL,'Right Leg','112','112','42',NULL,NULL,NULL,'ultracite power armor','power','50','https://fallout.fandom.com/wiki/Ultracite_power_armor'),(423,'ultracite power armor torso',NULL,'Torso','155','155','58',NULL,NULL,NULL,'ultracite power armor','power','50','https://fallout.fandom.com/wiki/Ultracite_power_armor'),(424,'x-01 power armor helmet',NULL,'Helmet','50','56','56',NULL,NULL,NULL,'x-01 power armor','power','40','https://fallout.fandom.com/wiki/X-01_power_armor_(Fallout_76)'),(425,'x-01 power armor left arm',NULL,'Left Arm','50','56','56',NULL,NULL,NULL,'x-01 power armor','power','40','https://fallout.fandom.com/wiki/X-01_power_armor_(Fallout_76)'),(426,'x-01 power armor right arm',NULL,'Right Arm','50','56','56',NULL,NULL,NULL,'x-01 power armor','power','40','https://fallout.fandom.com/wiki/X-01_power_armor_(Fallout_76)'),(427,'x-01 power armor left leg',NULL,'Left Leg','50','56','56',NULL,NULL,NULL,'x-01 power armor','power','40','https://fallout.fandom.com/wiki/X-01_power_armor_(Fallout_76)'),(428,'x-01 power armor right leg',NULL,'Right Leg','50','56','56',NULL,NULL,NULL,'x-01 power armor','power','40','https://fallout.fandom.com/wiki/X-01_power_armor_(Fallout_76)'),(429,'x-01 power armor torso',NULL,'Torso','82','94','94',NULL,NULL,NULL,'x-01 power armor','power','40','https://fallout.fandom.com/wiki/X-01_power_armor_(Fallout_76)'),(430,'x-01 power armor helmet',NULL,'Helmet','60','68','68',NULL,NULL,NULL,'x-01 power armor','power','50','https://fallout.fandom.com/wiki/X-01_power_armor_(Fallout_76)'),(431,'x-01 power armor left arm',NULL,'Left Arm','60','68','68',NULL,NULL,NULL,'x-01 power armor','power','50','https://fallout.fandom.com/wiki/X-01_power_armor_(Fallout_76)'),(432,'x-01 power armor right arm',NULL,'Right Arm','60','68','68',NULL,NULL,NULL,'x-01 power armor','power','50','https://fallout.fandom.com/wiki/X-01_power_armor_(Fallout_76)'),(433,'x-01 power armor left leg',NULL,'Left Leg','60','68','68',NULL,NULL,NULL,'x-01 power armor','power','50','https://fallout.fandom.com/wiki/X-01_power_armor_(Fallout_76)'),(434,'x-01 power armor right leg',NULL,'Right Leg','60','68','68',NULL,NULL,NULL,'x-01 power armor','power','50','https://fallout.fandom.com/wiki/X-01_power_armor_(Fallout_76)'),(435,'x-01 power armor torso',NULL,'Torso','98','113','113',NULL,NULL,NULL,'x-01 power armor','power','50','https://fallout.fandom.com/wiki/X-01_power_armor_(Fallout_76)'),(436,'hellcat power armor helmet',NULL,'Helmet','65','65','22',NULL,NULL,NULL,'hellcat power armor','power','30','https://fallout.fandom.com/wiki/Hellcat_power_armor'),(437,'hellcat power armor left arm',NULL,'Left Arm','65','65','22',NULL,NULL,NULL,'hellcat power armor','power','30','https://fallout.fandom.com/wiki/Hellcat_power_armor'),(438,'hellcat power armor right arm',NULL,'Right Arm','65','65','22',NULL,NULL,NULL,'hellcat power armor','power','30','https://fallout.fandom.com/wiki/Hellcat_power_armor'),(439,'hellcat power armor left leg',NULL,'Left Leg','65','65','22',NULL,NULL,NULL,'hellcat power armor','power','30','https://fallout.fandom.com/wiki/Hellcat_power_armor'),(440,'hellcat power armor right leg',NULL,'Right Leg','65','65','22',NULL,NULL,NULL,'hellcat power armor','power','30','https://fallout.fandom.com/wiki/Hellcat_power_armor'),(441,'hellcat power armor torso',NULL,'Torso','95','95','33',NULL,NULL,NULL,'hellcat power armor','power','30','https://fallout.fandom.com/wiki/Hellcat_power_armor'),(442,'hellcat power armor helmet',NULL,'Helmet','79','79','26',NULL,NULL,NULL,'hellcat power armor','power','40','https://fallout.fandom.com/wiki/Hellcat_power_armor'),(443,'hellcat power armor left arm',NULL,'Left Arm','79','79','26',NULL,NULL,NULL,'hellcat power armor','power','40','https://fallout.fandom.com/wiki/Hellcat_power_armor'),(444,'hellcat power armor right arm',NULL,'Right Arm','79','79','26',NULL,NULL,NULL,'hellcat power armor','power','40','https://fallout.fandom.com/wiki/Hellcat_power_armor'),(445,'hellcat power armor left leg',NULL,'Left Leg','79','79','26',NULL,NULL,NULL,'hellcat power armor','power','40','https://fallout.fandom.com/wiki/Hellcat_power_armor'),(446,'hellcat power armor right leg',NULL,'Right Leg','79','79','26',NULL,NULL,NULL,'hellcat power armor','power','40','https://fallout.fandom.com/wiki/Hellcat_power_armor'),(447,'hellcat power armor torso',NULL,'Torso','115','115','40',NULL,NULL,NULL,'hellcat power armor','power','40','https://fallout.fandom.com/wiki/Hellcat_power_armor'),(448,'hellcat power armor helmet',NULL,'Helmet','94','94','31',NULL,NULL,NULL,'hellcat power armor','power','50','https://fallout.fandom.com/wiki/Hellcat_power_armor'),(449,'hellcat power armor left arm',NULL,'Left Arm','94','94','31',NULL,NULL,NULL,'hellcat power armor','power','50','https://fallout.fandom.com/wiki/Hellcat_power_armor'),(450,'hellcat power armor right arm',NULL,'Right Arm','94','94','31',NULL,NULL,NULL,'hellcat power armor','power','50','https://fallout.fandom.com/wiki/Hellcat_power_armor'),(451,'hellcat power armor left leg',NULL,'Left Leg','94','94','31',NULL,NULL,NULL,'hellcat power armor','power','50','https://fallout.fandom.com/wiki/Hellcat_power_armor'),(452,'hellcat power armor right leg',NULL,'Right Leg','94','94','31',NULL,NULL,NULL,'hellcat power armor','power','50','https://fallout.fandom.com/wiki/Hellcat_power_armor'),(453,'hellcat power armor torso',NULL,'Torso','137','137','48',NULL,NULL,NULL,'hellcat power armor','power','50','https://fallout.fandom.com/wiki/Hellcat_power_armor'),(454,'union power armor helmet',NULL,'Helmet','70','70','25',NULL,NULL,NULL,'union power armor','power','30','https://fallout.fandom.com/wiki/Union_power_armor'),(455,'union power armor left arm',NULL,'Left Arm','70','70','25',NULL,NULL,NULL,'union power armor','power','30','https://fallout.fandom.com/wiki/Union_power_armor'),(456,'union power armor right arm',NULL,'Right Arm','70','70','25',NULL,NULL,NULL,'union power armor','power','30','https://fallout.fandom.com/wiki/Union_power_armor'),(457,'union power armor left leg',NULL,'Left Leg','70','70','25',NULL,NULL,NULL,'union power armor','power','30','https://fallout.fandom.com/wiki/Union_power_armor'),(458,'union power armor right leg',NULL,'Right Leg','70','70','25',NULL,NULL,NULL,'union power armor','power','30','https://fallout.fandom.com/wiki/Union_power_armor'),(459,'union power armor torso',NULL,'Torso','110','110','35',NULL,NULL,NULL,'union power armor','power','30','https://fallout.fandom.com/wiki/Union_power_armor'),(460,'union power armor helmet',NULL,'Helmet','85','85','30',NULL,NULL,NULL,'union power armor','power','40','https://fallout.fandom.com/wiki/Union_power_armor'),(461,'union power armor left arm',NULL,'Left Arm','85','85','30',NULL,NULL,NULL,'union power armor','power','40','https://fallout.fandom.com/wiki/Union_power_armor'),(462,'union power armor right arm',NULL,'Right Arm','85','85','30',NULL,NULL,NULL,'union power armor','power','40','https://fallout.fandom.com/wiki/Union_power_armor'),(463,'union power armor left leg',NULL,'Left Leg','85','85','30',NULL,NULL,NULL,'union power armor','power','40','https://fallout.fandom.com/wiki/Union_power_armor'),(464,'union power armor right leg',NULL,'Right Leg','85','85','30',NULL,NULL,NULL,'union power armor','power','40','https://fallout.fandom.com/wiki/Union_power_armor'),(465,'union power armor torso',NULL,'Torso','134','134','43',NULL,NULL,NULL,'union power armor','power','40','https://fallout.fandom.com/wiki/Union_power_armor'),(466,'union power armor helmet',NULL,'Helmet','101','101','35',NULL,NULL,NULL,'union power armor','power','50','https://fallout.fandom.com/wiki/Union_power_armor'),(467,'union power armor left arm',NULL,'Left Arm','101','101','35',NULL,NULL,NULL,'union power armor','power','50','https://fallout.fandom.com/wiki/Union_power_armor'),(468,'union power armor right arm',NULL,'Right Arm','101','101','35',NULL,NULL,NULL,'union power armor','power','50','https://fallout.fandom.com/wiki/Union_power_armor'),(469,'union power armor left leg',NULL,'Left Leg','101','101','35',NULL,NULL,NULL,'union power armor','power','50','https://fallout.fandom.com/wiki/Union_power_armor'),(470,'union power armor right leg',NULL,'Right Leg','101','101','35',NULL,NULL,NULL,'union power armor','power','50','https://fallout.fandom.com/wiki/Union_power_armor'),(471,'union power armor torso',NULL,'Torso','161','161','52',NULL,NULL,NULL,'union power armor','power','50','https://fallout.fandom.com/wiki/Union_power_armor'),(472,'strangler heart power armor helmet',NULL,'Helmet','68','59','75',NULL,NULL,NULL,'strangler heart power armor','power','50','https://fallout.fandom.com/wiki/Strangler_heart_power_armor'),(473,'strangler heart power armor left arm',NULL,'Left Arm','68','59','75',NULL,NULL,NULL,'strangler heart power armor','power','50','https://fallout.fandom.com/wiki/Strangler_heart_power_armor'),(474,'strangler heart power armor right arm',NULL,'Right Arm','68','59','75',NULL,NULL,NULL,'strangler heart power armor','power','50','https://fallout.fandom.com/wiki/Strangler_heart_power_armor'),(475,'strangler heart power armor left leg',NULL,'Left Leg','68','59','75',NULL,NULL,NULL,'strangler heart power armor','power','50','https://fallout.fandom.com/wiki/Strangler_heart_power_armor'),(476,'strangler heart power armor right leg',NULL,'Right Leg','68','59','75',NULL,NULL,NULL,'strangler heart power armor','power','50','https://fallout.fandom.com/wiki/Strangler_heart_power_armor'),(477,'strangler heart power armor torso',NULL,'Torso','113','98','125',NULL,NULL,NULL,'strangler heart power armor','power','50','https://fallout.fandom.com/wiki/Strangler_heart_power_armor');
/*!40000 ALTER TABLE `armor` ENABLE KEYS */;
UNLOCK TABLES;

--
-- Table structure for table `consumables`
--

DROP TABLE IF EXISTS `consumables`;
/*!40101 SET @saved_cs_client     = @@character_set_client */;
/*!50503 SET character_set_client = utf8mb4 */;
CREATE TABLE `consumables` (
  `id` int NOT NULL AUTO_INCREMENT,
  `name` varchar(255) NOT NULL,
  `category` enum('food','drink','chem','aid','alcohol','beverage') NOT NULL,
  `subcategory` varchar(64) DEFAULT NULL,
  `effects` text,
  `duration` varchar(64) DEFAULT NULL,
  `hp_restore` varchar(32) DEFAULT NULL,
  `rads` varchar(32) DEFAULT NULL,
  `hunger_satisfaction` varchar(32) DEFAULT NULL,
  `thirst_satisfaction` varchar(32) DEFAULT NULL,
  `special_modifiers` text,
  `addiction_risk` varchar(32) DEFAULT NULL,
  `disease_risk` varchar(32) DEFAULT NULL,
  `weight` decimal(5,2) DEFAULT NULL,
  `value` int DEFAULT NULL,
  `form_id` char(8) DEFAULT NULL,
  `crafting_station` varchar(64) DEFAULT NULL,
  `source_url` text,
  PRIMARY KEY (`id`),
  UNIQUE KEY `uq_consumable_name` (`name`),
  KEY `idx_consumable_category` (`category`),
  KEY `idx_consumable_subcategory` (`subcategory`)
) ENGINE=InnoDB AUTO_INCREMENT=34 DEFAULT CHARSET=utf8mb4 COLLATE=utf8mb4_0900_ai_ci;
/*!40101 SET character_set_client = @saved_cs_client */;

--
-- Dumping data for table `consumables`
--

LOCK TABLES `consumables` WRITE;
/*!40000 ALTER TABLE `consumables` DISABLE KEYS */;
INSERT INTO `consumables` VALUES (1,'Psychobuff','chem','damage buff','+3 STR and +3 END for 5 minutes; +65 max HP','5 minutes',NULL,NULL,NULL,NULL,NULL,'35%',NULL,0.10,35,'00058AAC','Chemistry Station','https://fallout.fandom.com/wiki/Psychobuff'),(2,'Psychotats','chem','damage buff','+3 PER and +25% damage for 5 minutes','5 minutes',NULL,NULL,NULL,NULL,NULL,'35%',NULL,0.10,35,'00058AAA','Chemistry Station','https://fallout.fandom.com/wiki/Psychotats'),(3,'Overdrive','chem','critical buff','+15% critical chance for 8 minutes','8 minutes',NULL,NULL,NULL,NULL,NULL,'50%',NULL,0.10,40,'00058AAD','Chemistry Station','https://fallout.fandom.com/wiki/Overdrive'),(4,'Fury','chem','melee buff','+25% melee damage and +3 STR for 5 minutes','5 minutes',NULL,NULL,NULL,NULL,NULL,'50%',NULL,0.10,30,'000628CA','Chemistry Station','https://fallout.fandom.com/wiki/Fury_(Fallout_76)'),(5,'Berry Mentats','chem','perception buff','+5 PER for 5 minutes; highlights living targets','5 minutes',NULL,NULL,NULL,NULL,NULL,'25%',NULL,0.10,30,'000518BB','Chemistry Station','https://fallout.fandom.com/wiki/Berry_Mentats'),(6,'Stimpak','aid','healing','Restores HP over 5 seconds','instant','30%',NULL,NULL,NULL,NULL,NULL,NULL,0.10,15,'00023736',NULL,'https://fallout.fandom.com/wiki/Stimpak_(Fallout_76)'),(7,'Super Stimpak','aid','healing','Restores HP over 5 seconds (more than regular)','instant','60%',NULL,NULL,NULL,NULL,NULL,NULL,0.20,30,'00117DF9','Chemistry Station','https://fallout.fandom.com/wiki/Super_stimpak_(Fallout_76)'),(8,'RadAway','aid','rad removal','Removes 300 rads over 30 seconds','30 seconds',NULL,'-300',NULL,NULL,NULL,NULL,NULL,0.10,40,'00023742',NULL,'https://fallout.fandom.com/wiki/Radaway_(Fallout_76)'),(9,'Rad-X','aid','rad resist','+100 Radiation Resistance for 10 minutes; suppresses mutation effects','10 minutes',NULL,NULL,NULL,NULL,NULL,NULL,NULL,0.10,30,'00024057',NULL,'https://fallout.fandom.com/wiki/Rad-X_(Fallout_76)'),(10,'Cranberry Relish','food','cooked','+10% XP gain and +20 max HP for 1 hour','1 hour','+20',NULL,NULL,'25','15',NULL,NULL,0.25,10,NULL,'Cooking Station','https://fallout.fandom.com/wiki/Cranberry_relish'),(11,'Scorchbeast Mixed Meat Stew','food','cooked','+20% XP gain for 1 hour; +100 carry weight','1 hour','+100',NULL,NULL,'25','15',NULL,NULL,0.25,15,NULL,'Cooking Station','https://fallout.fandom.com/wiki/Scorchbeast_mixed_meat_stew');
/*!40000 ALTER TABLE `consumables` ENABLE KEYS */;
UNLOCK TABLES;

--
-- Table structure for table `legendary_perk_ranks`
--

DROP TABLE IF EXISTS `legendary_perk_ranks`;
/*!40101 SET @saved_cs_client     = @@character_set_client */;
/*!50503 SET character_set_client = utf8mb4 */;
CREATE TABLE `legendary_perk_ranks` (
  `id` int NOT NULL AUTO_INCREMENT,
  `legendary_perk_id` int NOT NULL,
  `rank` int NOT NULL,
  `description` text,
  `effect_value` varchar(128) DEFAULT NULL,
  `effect_type` varchar(64) DEFAULT NULL,
  PRIMARY KEY (`id`),
  UNIQUE KEY `uq_legendary_perk_rank` (`legendary_perk_id`,`rank`),
  CONSTRAINT `fk_lpr_perk` FOREIGN KEY (`legendary_perk_id`) REFERENCES `legendary_perks` (`id`) ON DELETE CASCADE
) ENGINE=InnoDB AUTO_INCREMENT=113 DEFAULT CHARSET=utf8mb4 COLLATE=utf8mb4_0900_ai_ci;
/*!40101 SET character_set_client = @saved_cs_client */;

--
-- Dumping data for table `legendary_perk_ranks`
--

LOCK TABLES `legendary_perk_ranks` WRITE;
/*!40000 ALTER TABLE `legendary_perk_ranks` DISABLE KEYS */;
INSERT INTO `legendary_perk_ranks` VALUES (1,1,1,'Produce 50% more rounds when crafting ammunition.','50','percentage'),(2,1,2,'Produce 75% more rounds when crafting ammunition.','75','percentage'),(3,1,3,'Produce 100% more rounds when crafting ammunition.','100','percentage'),(4,1,4,'Produce 150% more rounds when crafting ammunition.','150','percentage'),(5,2,1,'When you die, teammates gain +25 DR and heal 40 HP over 8 seconds.','25','flat'),(6,2,2,'When you die, teammates gain +30 DR and heal 50 HP over 10 seconds.','30','flat'),(7,2,3,'When you die, teammates gain +35 DR and heal 60 HP over 12 seconds.','35','flat'),(8,2,4,'When you die, teammates gain +40 DR and heal 70 HP over 14 seconds.','40','flat'),(9,3,1,'Generate 1 combat enhancing chem every hour. Up to a max of 3.','1','value'),(10,3,2,'Generate 1 combat enhancing chem every 50 minutes. Up to a max of 4.','1','value'),(11,3,3,'Generate 1 combat enhancing chem every 40 minutes. Up to a max of 5.','1','value'),(12,3,4,'Generate 2 combat enhancing chems every 40 minutes. Up to a max of 5.','2','value'),(13,4,1,'20% chance for melee VATS attacks to do area damage.','20','percentage'),(14,4,2,'30% chance for melee VATS attacks to do area damage.','30','percentage'),(15,4,3,'40% chance for melee VATS attacks to do area damage.','40','percentage'),(16,4,4,'50% chance for melee VATS attacks to do area damage.','50','percentage'),(17,5,1,'Enemies killed with a melee weapon have a 10% chance to explode.','10','percentage'),(18,5,2,'Enemies killed with a melee weapon have a 13% chance to explode.','13','percentage'),(19,5,3,'Enemies killed with a melee weapon have a 16% chance to explode.','16','percentage'),(20,5,4,'Enemies killed with a melee weapon have a 20% chance to explode.','20','percentage'),(21,6,1,'Enemies killed with a thrown explosive have a 20% chance to explode.','20','percentage'),(22,6,2,'Enemies killed with a thrown explosive have a 30% chance to explode.','30','percentage'),(23,6,3,'Enemies killed with a thrown explosive have a 40% chance to explode.','40','percentage'),(24,6,4,'Enemies killed with a thrown explosive have a 50% chance to explode.','50','percentage'),(25,7,1,'10% chance enemy energy attacks recharge your power armor\'s fusion core.','10','percentage'),(26,7,2,'13% chance enemy energy attacks recharge your power armor\'s fusion core.','13','percentage'),(27,7,3,'16% chance enemy energy attacks recharge your power armor\'s fusion core.','16','percentage'),(28,7,4,'20% chance enemy energy attacks recharge your power armor\'s fusion core.','20','percentage'),(29,8,1,'While unarmed, 5% chance of triggering an explosion on attack hits.','5','percentage'),(30,8,2,'While unarmed, 10% chance of triggering an explosion on attack hits.','10','percentage'),(31,8,3,'While unarmed, 15% chance of triggering an explosion on attack hits.','15','percentage'),(32,8,4,'While unarmed, 20% chance of triggering an explosion on attack hits.','20','percentage'),(33,9,1,'Enemies killed with a ranged weapon have a 10% chance to explode.','10','percentage'),(34,9,2,'Enemies killed with a ranged weapon have a 13% chance to explode.','13','percentage'),(35,9,3,'Enemies killed with a ranged weapon have a 16% chance to explode.','16','percentage'),(36,9,4,'Enemies killed with a ranged weapon have a 20% chance to explode.','20','percentage'),(37,10,1,'+50 Poison Damage Resist when wearing a matching set of armor.','50','flat'),(38,10,2,'+100 Poison Damage Resist when wearing a matching set of armor.','100','flat'),(39,10,3,'+150 Poison Damage Resist when wearing a matching set of armor.','150','flat'),(40,10,4,'+200 Poison Damage Resist when wearing a matching set of armor.','200','flat'),(41,11,1,'Ranged sneak damage increases damage to target by 10% for 10 seconds.','10','percentage'),(42,11,2,'Ranged sneak damage increases damage to target by 20% for 10 seconds.','20','percentage'),(43,11,3,'Ranged sneak damage increases damage to target by 30% for 10 seconds.','30','percentage'),(44,11,4,'Ranged sneak damage increases damage to target by 40% for 10 seconds.','40','percentage'),(45,12,1,'+1 AGI and +1 AGI Perk Points. Perk Points cap at 15.','1','flat'),(46,12,2,'+2 AGI and +2 AGI Perk Points. Perk Points cap at 15.','2','flat'),(47,12,3,'+3 AGI and +3 AGI Perk Points. Perk Points cap at 15.','3','flat'),(48,12,4,'+5 AGI and +5 AGI Perk Points. Perk Points cap at 15.','5','flat'),(49,13,1,'+1 CHR and +1 CHR Perk Points. Perk Points cap at 15.','1','flat'),(50,13,2,'+2 CHR and +2 CHR Perk Points. Perk Points cap at 15.','2','flat'),(51,13,3,'+3 CHR and +3 CHR Perk Points. Perk Points cap at 15.','3','flat'),(52,13,4,'+5 CHR and +5 CHR Perk Points. Perk Points cap at 15.','5','flat'),(53,14,1,'+1 END and +1 END Perk Points. Perk Points cap at 15.','1','flat'),(54,14,2,'+2 END and +2 END Perk Points. Perk Points cap at 15.','2','flat'),(55,14,3,'+3 END and +3 END Perk Points. Perk Points cap at 15.','3','flat'),(56,14,4,'+5 END and +5 END Perk Points. Perk Points cap at 15.','5','flat'),(57,15,1,'+1 LCK and +1 LCK Perk Points. Perk Points cap at 15.','1','flat'),(58,15,2,'+2 LCK and +2 LCK Perk Points. Perk Points cap at 15.','2','flat'),(59,15,3,'+3 LCK and +3 LCK Perk Points. Perk Points cap at 15.','3','flat'),(60,15,4,'+5 LCK and +5 LCK Perk Points. Perk Points cap at 15.','5','flat'),(61,16,1,'+1 INT and +1 INT Perk Points. Perk Points cap at 15.','1','flat'),(62,16,2,'+2 INT and +2 INT Perk Points. Perk Points cap at 15.','2','flat'),(63,16,3,'+3 INT and +3 INT Perk Points. Perk Points cap at 15.','3','flat'),(64,16,4,'+5 INT and +5 INT Perk Points. Perk Points cap at 15.','5','flat'),(65,17,1,'+1 PER and +1 PER Perk Points. Perk Points cap at 15.','1','flat'),(66,17,2,'+2 PER and +2 PER Perk Points. Perk Points cap at 15.','2','flat'),(67,17,3,'+3 PER and +3 PER Perk Points. Perk Points cap at 15.','3','flat'),(68,17,4,'+5 PER and +5 PER Perk Points. Perk Points cap at 15.','5','flat'),(69,18,1,'+1 STR and +1 STR Perk Points. Perk Points cap at 15.','1','flat'),(70,18,2,'+2 STR and +2 STR Perk Points. Perk Points cap at 15.','2','flat'),(71,18,3,'+3 STR and +3 STR Perk Points. Perk Points cap at 15.','3','flat'),(72,18,4,'+5 STR and +5 STR Perk Points. Perk Points cap at 15.','5','flat'),(73,19,1,'Auto-unlock skill 0 terminals and locks. +3 Lockpick and Hacking skills.','3','flat'),(74,19,2,'Auto-unlock skill 1 terminals and locks. +3 Lockpick and Hacking skills.','3','flat'),(75,19,3,'Auto-unlock skill 2 terminals and locks. +3 Lockpick and Hacking skills.','3','flat'),(76,19,4,'Auto-unlock skill 3 terminals and locks. +3 Lockpick and Hacking skills.','3','flat'),(77,20,1,'15% chance to auto-revive with full health if you\'redownedin Power Armor.','15','percentage'),(78,20,2,'20% chance to auto-revive with full health if you\'re downed in Power Armor.','20','percentage'),(79,20,3,'25% chance to auto-revive with full health if you\'re downed in Power Armor.','25','percentage'),(80,20,4,'40% chance to auto-revive with full health if you\'re downed in Power Armor.','40','percentage'),(81,21,1,'While in Power Armor, Sprinting consumes 20% fewer Action Points','20','percentage'),(82,21,2,'While in Power Armor, Sprinting consumes 30% fewer Action Points','30','percentage'),(83,21,3,'While in Power Armor, Sprinting consumes 40% fewer Action Points','40','percentage'),(84,21,4,'While in Power Armor, Sprinting consumes 50% fewer Action Points','50','percentage'),(85,22,1,'Restore 1 HP and 1 AP per second for 15 secs after blocking.','1','value'),(86,22,2,'Restore 2 HP and 2 AP per second for 15 secs after blocking.','2','value'),(87,22,3,'Restore 3 HP and 3 AP per second for 15 secs after blocking.','3','value'),(88,22,4,'Restore 4 HP and 4 AP per second for 15 secs after blocking.','4','value'),(89,23,1,'+50 Fire Damage Resist when wearing a matching set of armor.','50','flat'),(90,23,2,'+100 Fire Damage Resist when wearing a matching set of armor.','100','flat'),(91,23,3,'+150 Fire Damage Resist when wearing a matching set of armor.','150','flat'),(92,23,4,'+200 Fire Damage Resist when wearing a matching set of armor.','200','flat'),(93,24,1,'Generate 1survival aiding chemevery 30 minutes. Up to a max of 5.','1','value'),(94,24,2,'Generate 1survival aiding chemevery 25 minutes. Up to a max of 6.','1','value'),(95,24,3,'Generate 1survival aiding chemevery 20 minutes. Up to a max of 7.','1','value'),(96,24,4,'Generate 2survival aiding chemsevery 20 minutes. Up to a max of 10.','2','value'),(97,25,1,'Enemies take 10% more damage when they attack you, if you\'re on a team.','10','percentage'),(98,25,2,'Enemies take 20% more damage when they attack you, if you\'re on a team.','20','percentage'),(99,25,3,'Enemies take 30% more damage when they attack you, if you\'re on a team.','30','percentage'),(100,25,4,'Enemies take 40% more damage when they attack you, if you\'re on a team.','40','percentage'),(101,26,1,'+50 Rad Resist, restore 1 Rad per second.','50','flat'),(102,26,2,'+75 Rad Resist, restore 2 Rads per second.','75','flat'),(103,26,3,'+100 Rad Resist, restore 3 Rads per second.','100','flat'),(104,26,4,'+300 Rad Resist, restore 6 Rads per second.','300','flat'),(105,27,1,'On kills, heal 2 HP and reduce how feral you are by 2%.','2','percentage'),(106,27,2,'On kills, heal 4 HP and reduce how feral you are by 3%.','3','percentage'),(107,27,3,'On kills, heal 6 HP and reduce how feral you are by 4%.','4','percentage'),(108,27,4,'On kills, heal 8 HP and reduce how feral you are by 5%.','5','percentage'),(109,28,1,'When feral, all Glow Perk abilities cost 20% less Glow.','20','percentage'),(110,28,2,'When feral, all Glow Perk abilities cost 30% less Glow.','30','percentage'),(111,28,3,'When feral, all Glow Perk abilities cost 40% less Glow.','40','percentage'),(112,28,4,'When feral, all Glow Perk abilities cost 50% less Glow.','50','percentage');
/*!40000 ALTER TABLE `legendary_perk_ranks` ENABLE KEYS */;
UNLOCK TABLES;

--
-- Table structure for table `legendary_perks`
--

DROP TABLE IF EXISTS `legendary_perks`;
/*!40101 SET @saved_cs_client     = @@character_set_client */;
/*!50503 SET character_set_client = utf8mb4 */;
CREATE TABLE `legendary_perks` (
  `id` int NOT NULL AUTO_INCREMENT,
  `name` varchar(128) NOT NULL,
  `description` text,
  `race` varchar(32) DEFAULT 'Human, Ghoul',
  PRIMARY KEY (`id`),
  UNIQUE KEY `uq_legendary_perk_name` (`name`),
  KEY `idx_legendary_race` (`race`)
) ENGINE=InnoDB AUTO_INCREMENT=29 DEFAULT CHARSET=utf8mb4 COLLATE=utf8mb4_0900_ai_ci;
/*!40101 SET character_set_client = @saved_cs_client */;

--
-- Dumping data for table `legendary_perks`
--

LOCK TABLES `legendary_perks` WRITE;
/*!40000 ALTER TABLE `legendary_perks` DISABLE KEYS */;
INSERT INTO `legendary_perks` VALUES (1,'Ammo Factory','Produce 50% more rounds when crafting ammunition.','Human, Ghoul'),(2,'Blood Sacrifice!','When you die, teammates gain +25 DR and heal 40 HP over 8 seconds.','Human, Ghoul'),(3,'Brawling Chemist','Generate 1 combat enhancing chem every hour. Up to a max of 3.','Human, Ghoul'),(4,'Hack and Slash','20% chance for melee VATS attacks to do area damage.','Human, Ghoul'),(5,'Collateral Damage','Enemies killed with a melee weapon have a 10% chance to explode.','Human, Ghoul'),(6,'Detonation Contagion','Enemies killed with a thrown explosive have a 20% chance to explode.','Human, Ghoul'),(7,'Electric Absorption','10% chance enemy energy attacks recharge your power armor\'s fusion core.','Human, Ghoul'),(8,'Exploding Palm','While unarmed, 5% chance of triggering an explosion on attack hits.','Human, Ghoul'),(9,'Far-Flung Fireworks','Enemies killed with a ranged weapon have a 10% chance to explode.','Human, Ghoul'),(10,'Funky Duds','+50 Poison Damage Resist when wearing a matching set of armor.','Human, Ghoul'),(11,'Follow Through','Ranged sneak damage increases damage to target by 10% for 10 seconds.','Human, Ghoul'),(12,'Legendary Agility','+1 AGI and +1 AGI Perk Points. Perk Points cap at 15.','Human, Ghoul'),(13,'Legendary Charisma','+1 CHR and +1 CHR Perk Points. Perk Points cap at 15.','Human, Ghoul'),(14,'Legendary Endurance','+1 END and +1 END Perk Points. Perk Points cap at 15.','Human, Ghoul'),(15,'Legendary Luck','+1 LCK and +1 LCK Perk Points. Perk Points cap at 15.','Human, Ghoul'),(16,'Legendary Intelligence','+1 INT and +1 INT Perk Points. Perk Points cap at 15.','Human, Ghoul'),(17,'Legendary Perception','+1 PER and +1 PER Perk Points. Perk Points cap at 15.','Human, Ghoul'),(18,'Legendary Strength','+1 STR and +1 STR Perk Points. Perk Points cap at 15.','Human, Ghoul'),(19,'Master Infiltrator','Auto-unlock skill 0 terminals and locks. +3 Lockpick and Hacking skills.','Human, Ghoul'),(20,'Power Armor Reboot','15% chance to auto-revive with full health if you\'redownedin Power Armor.','Human, Ghoul'),(21,'Power Sprinter','While in Power Armor, Sprinting consumes 20% fewer Action Points','Human, Ghoul'),(22,'Retribution','Restore 1 HP and 1 AP per second for 15 secs after blocking.','Human, Ghoul'),(23,'Sizzling Style','+50 Fire Damage Resist when wearing a matching set of armor.','Human, Ghoul'),(24,'Survival Shortcut','Generate 1survival aiding chemevery 30 minutes. Up to a max of 5.','Human, Ghoul'),(25,'Taking One for the Team','Enemies take 10% more damage when they attack you, if you\'re on a team.','Human, Ghoul'),(26,'What Rads?','+50 Rad Resist, restore 1 Rad per second.','Human, Ghoul'),(27,'Action Diet','On kills, heal 2 HP and reduce how feral you are by 2%.','Ghoul'),(28,'Feral Rage','When feral, all Glow Perk abilities cost 20% less Glow.','Ghoul');
/*!40000 ALTER TABLE `legendary_perks` ENABLE KEYS */;
UNLOCK TABLES;

--
-- Table structure for table `mutations`
--

DROP TABLE IF EXISTS `mutations`;
/*!40101 SET @saved_cs_client     = @@character_set_client */;
/*!50503 SET character_set_client = utf8mb4 */;
CREATE TABLE `mutations` (
  `id` int NOT NULL AUTO_INCREMENT,
  `name` varchar(128) NOT NULL,
  `positive_effects` text,
  `negative_effects` text,
  `form_id` char(8) DEFAULT NULL,
  `exclusive_with` varchar(128) DEFAULT NULL,
  `suppression_perk` varchar(128) DEFAULT NULL,
  `enhancement_perk` varchar(128) DEFAULT NULL,
  `source_url` text,
  PRIMARY KEY (`id`),
  UNIQUE KEY `uq_mutation_name` (`name`),
  KEY `idx_mutation_name` (`name`)
) ENGINE=InnoDB AUTO_INCREMENT=20 DEFAULT CHARSET=utf8mb4 COLLATE=utf8mb4_0900_ai_ci;
/*!40101 SET character_set_client = @saved_cs_client */;

--
-- Dumping data for table `mutations`
--

LOCK TABLES `mutations` WRITE;
/*!40000 ALTER TABLE `mutations` DISABLE KEYS */;
INSERT INTO `mutations` VALUES (1,'Adrenal Reaction','Increased damage based on Kill Streak (Max 10)','reduced maximum hit points (-50 HP)','004E1F14',NULL,NULL,NULL,'https://fallout.fandom.com/wiki/Adrenal_Reaction'),(2,'Bird Bones','+4 Agility; -50% fall damage','-4 Strength','003C403D',NULL,NULL,NULL,'https://fallout.fandom.com/wiki/Bird_Bones'),(3,'Carnivore','Eating meat provides double hunger satisfaction, HP restoration, and consumable buffs, with no disease chance and no rads taken','Eating vegetable-based food does not satisfy hunger, restore HP, or apply buffs','003C4049','Herbivore',NULL,NULL,'https://fallout.fandom.com/wiki/Carnivore'),(4,'Chameleon','The player character gains invisibility while unarmored, stationary, and having a weapon drawn but not attacking','None beyond the requirements for the perk\'s positive effects','004E4006',NULL,NULL,NULL,'https://fallout.fandom.com/wiki/Chameleon'),(5,'Eagle Eyes','+50% critical damage and +4 Perception Positive effects (with Strange in Numbers) +75% critical damage and +5 Perception','4 Strength','003C4037',NULL,NULL,NULL,'https://fallout.fandom.com/wiki/Eagle_Eyes'),(6,'Egg Head','+6 Intelligence','3 Strength and Endurance With the Class Freak perk at max rank, this mutation\'s downsides will show as \"STR >-1 END >-1\" in the Pip-Boy, as 75% of 3 is not an integer','003C4045',NULL,NULL,NULL,'https://fallout.fandom.com/wiki/Egg_Head'),(7,'Electrically Charged','Chance to shock melee attackers upon being hit','Shock deals energy damage to player character','004E400D',NULL,NULL,NULL,'https://fallout.fandom.com/wiki/Electrically_Charged'),(8,'Empath','25% damage taken by teammates','+33% damage taken by player character','004E1F16',NULL,NULL,NULL,'https://fallout.fandom.com/wiki/Empath'),(9,'Grounded','+100 Energy Resistance','50% Energy weapon damage Grounded reduces all damage dealt by energy weapons by 50%','004E4002',NULL,NULL,NULL,'https://fallout.fandom.com/wiki/Grounded'),(10,'Healing Factor','Health regeneration +3% per second (only works when not in combat)','Chem effects -55% (including Stimpaks, Radaway, and Rad-X) The health regeneration effect functions regardless of hunger level, despite the mutation','004DF1DB',NULL,NULL,NULL,'https://fallout.fandom.com/wiki/Healing_Factor'),(11,'Herbivore','Consuming fruit, herb or vegetable-based food/drink provides double the hunger/thirst satisfaction, HP restoration and consumable buffs, with no disease chance and no rads taken','Eating meat-based food does not satisfy','003C404E','Carnivore',NULL,NULL,'https://fallout.fandom.com/wiki/Herbivore'),(12,'Herd Mentality','+2 to all SPECIAL stats when grouped','2 to all SPECIAL stats when solo','004E1F1E',NULL,NULL,NULL,'https://fallout.fandom.com/wiki/Herd_Mentality'),(13,'Marsupial','Carry Weight +20, improved jump height','4 Intelligence','004DF1CE',NULL,NULL,NULL,'https://fallout.fandom.com/wiki/Marsupial'),(14,'Plague Walker','Poison aura scaling with the number of acquired diseases (4 max)','-4 Agility when diseased','004E4021',NULL,NULL,NULL,'https://fallout.fandom.com/wiki/Plague_Walker'),(15,'Scaly Skin','+50 damage and energy resistance','50 AP','004DF1CF',NULL,NULL,NULL,'https://fallout.fandom.com/wiki/Scaly_Skin'),(16,'Speed Demon','+20% movement speed and +30% reload speed','Increased Hunger and Thirst accumulation by 50% while moving','004DF1E0',NULL,NULL,NULL,'https://fallout.fandom.com/wiki/Speed_Demon'),(17,'Talons','Unarmed attacks deal 25% more damage and amplifies bleeding attacks','4 Agility','0028D3BC',NULL,NULL,NULL,'https://fallout.fandom.com/wiki/Talons'),(18,'Twisted Muscles',' Standard: +25% melee, unarmed and bashing damage and +20% chance to cripple enemy limbs',' -50% gun','003C402F',NULL,NULL,NULL,'https://fallout.fandom.com/wiki/Twisted_Muscles'),(19,'Unstable Isotope','10% chance to release a radiation blast when struck in melee','The radiation blast irradiates the player character','004E4017',NULL,NULL,NULL,'https://fallout.fandom.com/wiki/Unstable_Isotope');
/*!40000 ALTER TABLE `mutations` ENABLE KEYS */;
UNLOCK TABLES;

--
-- Table structure for table `perk_ranks`
--

DROP TABLE IF EXISTS `perk_ranks`;
/*!40101 SET @saved_cs_client     = @@character_set_client */;
/*!50503 SET character_set_client = utf8mb4 */;
CREATE TABLE `perk_ranks` (
  `id` int NOT NULL AUTO_INCREMENT,
  `perk_id` int NOT NULL,
  `rank` int NOT NULL,
  `description` text NOT NULL,
  `form_id` char(8) DEFAULT NULL,
  PRIMARY KEY (`id`),
  UNIQUE KEY `uq_perk_rank` (`perk_id`,`rank`),
  KEY `idx_prank_rank` (`rank`),
  CONSTRAINT `fk_pr_perk` FOREIGN KEY (`perk_id`) REFERENCES `perks` (`id`) ON DELETE CASCADE
) ENGINE=InnoDB AUTO_INCREMENT=450 DEFAULT CHARSET=utf8mb4 COLLATE=utf8mb4_0900_ai_ci;
/*!40101 SET character_set_client = @saved_cs_client */;

--
-- Dumping data for table `perk_ranks`
--

LOCK TABLES `perk_ranks` WRITE;
/*!40000 ALTER TABLE `perk_ranks` DISABLE KEYS */;
INSERT INTO `perk_ranks` VALUES (1,1,1,'Your weapons weigh 50% less.','006D51E7'),(2,1,2,'Your weapons weigh 75% less.',NULL),(3,2,1,'Your sturdy arms allow you to handle ranged weapons better, increasing accuracy by 15%','00797E02'),(4,2,2,'Your sturdy arms allow you to handle ranged weapons better, increasing accuracy by 30%',NULL),(5,3,1,'Ballistic weapon ammo weighs 45% less.','003896E6'),(6,3,2,'Ballistic weapon ammo weighs 90% less.',NULL),(7,4,1,'Gain Damage Resistance based on your STR. Doubled when not wearing armor.','00242E66'),(8,5,1,'Gun bashing does +25% damage and +35% limb damage.','00188F1F'),(9,5,2,'Gun bashing does +50% damage and +75% limb damage.',NULL),(10,6,1,'Each stack of Bullet Storm increases your bash damage by 5%.','0016AFE9'),(11,7,1,'Take 15% less damage from your opponents\' melee attacks.','003D2954'),(12,7,2,'Take 30% less damage from your opponents\' melee attacks.',NULL),(13,7,3,'Take 45% less damage from your opponents\' melee attacks.',NULL),(14,8,1,'Your bleed effects have 35% more damage and 25% less duration.','00123A60'),(15,9,1,'Your melee weapon attacks have +25% limb damage.','00797E1A'),(16,9,2,'Your melee weapon attacks have +50% limb damage.',NULL),(17,9,3,'Your melee weapon attacks have +75% limb damage.',NULL),(18,10,2,'When your Glow is high, makes you immune to staggering attacks.','00797E1C'),(19,11,3,'Your Bullet Storm stack limit is doubled.','001C9D2E'),(20,12,1,'Gain 3% damage per 30 ammo spent. 10 max stacks.','0031AF17'),(21,12,2,'Gain 6% damage per 30 ammo spent. 10 max stacks.',NULL),(22,12,3,'Gain 9% damage per 30 ammo spent. 10 max stacks.',NULL),(23,13,1,'+25% ranged damage to crippled targets.','00202049'),(24,13,2,'+50% ranged damage to crippled targets.',NULL),(25,13,3,'+75% ranged damage to crippled targets.',NULL),(26,14,1,'Sprinting in Power Armor consumes half as much Fusion Core energy.','003BD596'),(27,14,2,'Sprinting in Power Armor consumes no extra Fusion Core energy.',NULL),(28,15,3,'Melee weapons deal +25% power attack damage. (No Power Tools)','00520BD9'),(29,16,1,'Your Melee and Fists weapons ignore 25% of your target\'s armor.','003DE58E'),(30,16,2,'Your Melee and Fists weapons ignore 50% of your target\'s armor.',NULL),(31,16,3,'Your Melee and Fists weapons ignore 75% of your target\'s armor.',NULL),(32,17,1,'Your Fists deal more damage based on your DR.','0035206D'),(33,18,2,'Melee weapons deal +50% limb damage. (No Power Tools)','00520BD8'),(34,19,2,'You keep half of your Bullet Storm stacks when you reload. +1% reload speed per stack.','0032016B'),(35,20,2,'Weapons that fire 3 or more projectiles gain 30% range.','00223BAB'),(36,21,1,'Your melee weapons weigh 20% less, and you can swing them 10% faster.','003E996D'),(37,21,2,'Your melee weapons weigh 40% less, and you can swing them 20% faster.',NULL),(38,21,3,'Your melee weapons weigh 60% less, and you can swing them 30% faster.',NULL),(39,22,1,'While equipping a melee weapon, reduce Incoming Stagger by 25%.','00123A5F'),(40,23,1,'Explosives weigh 45% less.','00391F0D'),(41,23,2,'Explosives weigh 90% less.',NULL),(42,24,1,'The weight of all junk items is reduced by 50%.','0038AB9B'),(43,24,2,'The weight of all junk items is reduced by 75%.',NULL),(44,25,1,'Damage and stagger enemies by sprinting into them with Power Armor.','00391F26'),(45,25,2,'Smash and stagger enemies by sprinting into them with Power Armor.',NULL),(46,25,3,'Devastate and stagger enemies by sprinting into them with Power Armor.',NULL),(47,26,1,'All Power Armor parts and chassis weights are reduced by 50%.','00310D59'),(48,26,2,'All Power Armor parts and chassis weights are reduced by 75%.',NULL),(49,27,1,'Expend a Moderate amount of Glow to deal 50% more damage with Power Attacks & Bashing.','00797E01'),(50,27,2,'Expend a Moderate amount of Glow to deal 100% more damage with Power Attacks & Bashing.',NULL),(51,27,3,'Expend a Moderate amount of Glow to deal 150% more damage with Power Attacks & Bashing.',NULL),(52,28,2,'20% of the damage dealt to a limb is applied to all limbs on your target.','0032235E'),(53,29,3,'+10% damage to crippled targets per projectile your weapon fires.','00202047'),(54,30,1,'Your melee weapons do +10% damage to crippled targets.','0025A233'),(55,30,2,'Your melee weapons do +20% damage to crippled targets.',NULL),(56,30,3,'Your melee weapons do +30% damage to crippled targets.',NULL),(57,31,1,'50% increased throwing range.','003701BD'),(58,32,2,'Gain more carry weight based on your STR.','000907CF'),(59,33,1,'Armor weighs 25% less than normal.','0025A7A4'),(60,33,2,'Armor weighs 50% less than normal.',NULL),(61,34,2,'Weapons spin up 60% faster.','0031AF18'),(62,35,1,'Weights of all Chems (including Stimpaks) are reduced by 45%.','0010BCCE'),(63,35,2,'Weights of all Chems (including Stimpaks) are reduced by 90%.',NULL),(64,36,1,'+10% damage against bleeding targets.','003440AD'),(65,36,2,'+20% damage against bleeding targets.',NULL),(66,36,3,'+30% damage against bleeding targets.',NULL),(67,37,1,'You deal +100% damage to objects and now damage your own objects.','00185A2C'),(68,38,2,'Gain more VATS accuracy based on your PER.','003777F9'),(69,39,1,'Your bows and crossbows ignore 20% armor and have a 5% chance to stagger.','00563B9B'),(70,39,2,'Your bows and crossbows ignore 40% armor and have a 10% chance to stagger.',NULL),(71,40,1,'Rad Resistance is reduced by 50. (Up to 0)','00797E18'),(72,40,2,'Rad Resistance is reduced by 100. (Up to 0)',NULL),(73,40,3,'Rad Resistance is reduced by 150. (Up to 0)',NULL),(74,41,1,'40% chance to find extra meat from animal corpses.','001873CE'),(75,41,2,'60% chance to find extra meat from animal corpses.',NULL),(76,41,3,'80% chance to find extra meat from animal corpses.',NULL),(77,42,1,'+25% ranged damage when attacking the torso.','0031AEF6'),(78,42,2,'+50% ranged damage when attacking the torso.',NULL),(79,42,3,'+75% ranged damage when attacking the torso.',NULL),(80,43,1,'Focus fire to gain +1% accuracy and damage per shot.','0035206C'),(81,43,2,'Focus fire to gain +2% accuracy and damage per shot.',NULL),(82,43,3,'Focus fire to gain +3% accuracy and damage per shot.',NULL),(83,44,1,'Small guns have 10% more range and 10% more accuracy when aiming down sights.','0031D4B3'),(84,44,2,'Small guns have 20% more range and 20% more accuracy when aiming down sights.',NULL),(85,44,3,'Small guns have 30% more range and 30% more accuracy when aiming down sights.',NULL),(86,45,2,'Deal +10% damage for each impairment your target has.','00563B93'),(87,46,1,'You do +10% ranged damage to far enemies.','000907C9'),(88,46,2,'You do +15% ranged damage to far enemies.',NULL),(89,46,3,'You do +20% ranged damage to far enemies.',NULL),(90,47,1,'Your attacks ignore 25% armor of any insect.','0032DA6E'),(91,47,2,'Your attacks ignore 50% armor of any insect.',NULL),(92,47,3,'Your attacks ignore 75% armor of any insect.',NULL),(93,48,1,'Your vision grants you +20% accuracy in V.A.T.S. from a slightly longer distance.','00797E06'),(94,48,2,'Your vision grants you +25% accuracy in V.A.T.S. from a longer distance.',NULL),(95,48,3,'Your vision grants you +30% accuracy in V.A.T.S. from a very long distance.',NULL),(96,49,2,'Your movement speed bonus is also applied to your reload speed.','0031AEF7'),(97,50,1,'You hear directional audio when in range of a Caps Stash.','0051ABC9'),(98,51,1,'Deal +20% damage to Glowing Enemies.','00393F65'),(99,51,2,'Deal +40% damage to Glowing Enemies.',NULL),(100,51,3,'Deal +60% damage to Glowing Enemies.',NULL),(101,52,1,'Traces of glowing blood now have a 50% chance to appear on animal corpses.','007B283D'),(102,53,1,'Reap twice as much when harvesting flora.','00350FD8'),(103,54,1,'Your explosives detonate with a 50% larger radius.','00393F6A'),(104,54,2,'Your explosives detonate with twice the radius.',NULL),(105,55,1,'Your small guns reload 10% faster and have 10% more hip fire accuracy.','000907E5'),(106,55,2,'Your small guns reload 20% faster and have 20% more hip fire accuracy.',NULL),(107,55,3,'Your small guns reload 30% faster and have 30% more hip fire accuracy.',NULL),(108,56,1,'Arrows and throwing weapons bounce towards an additional target dealing 70% damage.','00563B8F'),(109,56,2,'Arrows and throwing weapons bounce towards two additional targets dealing 70% damage per bounce.',NULL),(110,56,3,'Arrows and throwing weapons bounce towards three additional targets dealing 70% damage.',NULL),(111,57,1,'Your scoped weapons have 30% more range and accuracy when aiming.','0031D4B9'),(112,58,3,'Arrows and thrown melee weapons pierce targets.','00563B97'),(113,59,2,'Gain Night Vision while sneaking.','0025A7A1'),(114,60,1,'Gain +1 INT and +1 PER between the hours of 6:00 p.m. and 6:00 a.m.','00188F07'),(115,60,2,'Gain +2 INT and +2 PER between the hours of 6:00 p.m. and 6:00 a.m.',NULL),(116,60,3,'Gain +3 INT and +3 PER between the hours of 6:00 p.m. and 6:00 a.m.',NULL),(117,61,3,'Your weapons have 2% increased damage per AP cost.','00005272'),(118,62,1,'You hear directional audio when in range of a Magazine.','0051ABCA'),(119,63,1,'You hear directional audio when in range of a Bobblehead.','0051ABCB'),(120,64,1,'Gain +1 lockpicking skill, and the lockpicking \'sweet spot\' is 10% larger.','0003C969'),(121,65,1,'Gain +1 lockpicking skill, and the lockpicking \'sweet spot\' is 10% larger.','0032CB33'),(122,66,1,'Gain +1 lockpicking skill, and the lockpicking \'sweet spot\' is 10% larger.','0032CB34'),(123,67,2,'Dealing Melee damage provides a small amount of Glow. (No Power Tools)','007AD43B'),(124,68,2,'Gain Energy Resistance based on your PER.','003701C5'),(125,69,2,'Your scoped weapons have 50% more range when aiming.','002EBD2B'),(126,70,1,'Your small guns have 45% better accuracy and spread.','00322353'),(127,71,3,'Deal +25% weak spot damage while aiming a scoped weapon.','002EBD31'),(128,72,1,'Gain improved control and hold your breath 75% longer while aiming scopes.','0025A7A2'),(129,73,1,'Your ranged weapons ignore 20% armor.','001D6251'),(130,73,2,'Your ranged weapons ignore 40% armor.',NULL),(131,74,2,'You deal 20% more damage per crippled limb your target has.','000907DE'),(132,75,1,'Gain Limb Damage Reduction based on your END.','0035B80E'),(133,76,2,'The positive effects of pre-war alcohol last twice as long.','00393F54'),(134,77,1,'You no longer take Rad damage from swimming and can breathe underwater.','003701A9'),(135,78,1,'Bloodpacks and Cannibal now satisfy thirst, no longer irradiate, and heal twice as much.','003879A6'),(136,79,1,'Gain 5% Deflect chance for 6 sec when firing a heavy gun.','00320162'),(137,79,2,'Gain 10% Deflect chance for 6 sec when firing a heavy gun.',NULL),(138,79,3,'Gain 15% Deflect chance for 6 sec when firing a heavy gun.',NULL),(139,79,4,'Gain 20% Deflect chance for 6 sec when firing a heavy gun.',NULL),(140,80,1,'Eating human, Ghoul, Super Mutant, Scorched, or Mole Miner corpses restores Health and hunger.','003701B7'),(141,81,1,'Chems are 25% more effective at reducing how feral you are.','00799AFF'),(142,81,2,'Chems are 50% more effective at reducing how feral you are.',NULL),(143,81,3,'Chems are 75% more effective at reducing how feral you are.',NULL),(144,82,2,'Any chems you take last 100% longer.','0025A6B0'),(145,83,1,'You\'re half as likely to get addicted when consuming Chems.','003777F8'),(146,83,2,'You gain complete immunity to chem addiction.',NULL),(147,84,1,'Nuka-Cola drinks are now twice as beneficial.','00393F4D'),(148,84,2,'Nuka-Cola drinks are now three times as beneficial.',NULL),(149,85,1,'All drinks quench thirst by an additional 50%.','0013130F'),(150,85,2,'All drinks quench thirst by an additional 100%.',NULL),(151,86,1,'Take 15% less damage from explosions and flame attacks.','00393F58'),(152,86,2,'Take 30% less damage from explosions and flame attacks.',NULL),(153,86,3,'Take 45% less damage from explosions and flame attacks.',NULL),(154,87,1,'Radiation now regenerates your lost Health.','0025A808'),(155,87,2,'Radiation now regenerates more of your lost Health.',NULL),(156,87,3,'Radiation now regenerates even more of your lost Health!',NULL),(157,88,1,'Irradiated food and drink grant 100% more rads.','00797E13'),(158,88,2,'Irradiated food and drink grant 200% more rads.',NULL),(159,88,3,'Irradiated food and drink grant 300% more rads.',NULL),(160,89,1,'Eating dog food is now three times as beneficial.','00393F5C'),(161,90,1,'While in a C.A.M.P. or Workshop, gain HP & Limb regen. Improve benefits of being well rested','00393F71'),(162,91,1,'Chems restore thirst.','002AADA4'),(163,91,2,'Chems restore twice as much thirst.',NULL),(164,92,1,'Increased Damage and Energy Resistance based on END while not diseased.','001870F2'),(165,93,1,'Armor provides 15% more protection. Double if wearing a matching set.','000907D6'),(166,93,2,'Armor provides 20% more protection. Double if wearing a matching set.',NULL),(167,93,3,'Armor provides 25% more protection. Double if wearing a matching set.',NULL),(168,94,1,'You take less radiation from eating or drinking based on your END.','0025A7A0'),(169,95,2,'Gain more max HP per point in END.','0000BB40'),(170,96,1,'Chems restore hunger.','00393F79'),(171,96,2,'Chems restore twice as much hunger.',NULL),(172,97,1,'Increased Elemental Resistances based on END while not diseased.','002BA546'),(173,98,1,'Gain +20 to Max Health between the hours of 6:00 p.m. and 6:00 a.m.','0025A29B'),(174,98,2,'Gain +40 to Max Health between the hours of 6:00 p.m. and 6:00 a.m.',NULL),(175,99,1,'Gain Health regen between the hours of 6:00 a.m. and 6:00 p.m.','002DB86E'),(176,99,2,'Gain improved Health regen between the hours of 6:00 a.m. and 6:00 p.m.',NULL),(177,100,2,'There\'s no chance you\'ll get addicted to alcohol.','000907E6'),(178,101,1,'Gain Radiation Resistance based on your END.','003701C6'),(179,102,2,'Absorb 20% of RADs taken and restore Hunger and Thirst.','003808AF'),(180,103,1,'Expend a small amount of Glow per hit to deal 10% bonus damage to targets.','00797E12'),(181,103,2,'Expend a small amount of Glow per hit to deal 15% bonus damage to targets.',NULL),(182,103,3,'Expend a small amount of Glow per hit to deal 20% bonus damage to targets.',NULL),(183,104,1,'The greater your Rads, the greater your Strength (max +5 STR)!','00393F7D'),(184,105,1,'You gain increased benefits from being Well Fed or Hydrated.','003DE593'),(185,105,2,'Benefits of being Well Fed or Hydrated are further increased when you have less than 10% RADS.',NULL),(186,106,1,'All food satisfies hunger by an additional 50%.','0003D963'),(187,106,2,'All food satisfies hunger by an additional 100%.',NULL),(188,107,1,'Gain +1 to STR and END between the hours of 6:00 a.m. and 6:00 p.m.','002DB86B'),(189,107,2,'Gain +2 to STR and END between the hours of 6:00 a.m. and 6:00 p.m.',NULL),(190,107,3,'Gain +3 to STR and END between the hours of 6:00 a.m. and 6:00 p.m.',NULL),(191,108,1,'You will never mutate from rads and RadAway will never cure mutations.','00397CB2'),(192,109,1,'Slowly regen radiation damage between the hours of 6:00 a.m. and 6:00 p.m.','00393F75'),(193,109,2,'Quickly regen radiation damage between the hours of 6:00 a.m. and 6:00 p.m.',NULL),(194,110,1,'You take 4% less damage from Ballistic attacks. (No Power Armor)','00797E07'),(195,110,2,'You take 6% less damage from Ballistic attacks. (No Power Armor)',NULL),(196,110,3,'You take 10% less damage from Ballistic attacks. (No Power Armor)',NULL),(197,111,1,'Increased Max AP based on END while not diseased.','002BA564'),(198,112,1,'Food and drink weights are reduced by 45%.','0025A7E0'),(199,112,2,'Food and drink weights are reduced by 90%.',NULL),(200,113,1,'Increased Disease Resistance based on END.','0032DA6B'),(201,114,1,'Aim your gun at an Animal for a 25% chance to pacify it.','003A4A4D'),(202,114,2,'Aim your gun at an Animal for a 50% chance to pacify it.',NULL),(203,114,3,'Aim your gun at an Animal for a 75% chance to pacify it.',NULL),(204,115,1,'Your disease cures have a 50% chance to cure a disease on nearby teammates.','00505BD1'),(205,115,2,'Your disease cures always cure a disease from nearby teammates too.',NULL),(206,116,1,'Gain Damage & Energy Resistance based on your CHA and number of teammates.','00310BF8'),(207,117,2,'Automatically revive downed teammates once every 3 minutes and grant them increased healing for 1 minute.','0018731C'),(208,118,1,'While Feral, Reduce your target\'s damage output by 15% after you attack for 5 seconds.','00797E08'),(209,118,2,'While Feral, Reduce your target\'s damage output by 30% after you attack for 5 seconds.',NULL),(210,119,1,'Teammates hit by your flame weapons regen health briefly (no grenades).','003E996E'),(211,119,2,'Teammates hit by your flame weapons regen more health briefly (no grenades).',NULL),(212,119,3,'Teammates hit by your flame weapons regen even more health (no grenades).',NULL),(213,120,1,'Holding Large amounts of Glow provides Glow to nearby ghouls on your team.','007AEE34'),(214,120,2,'Holding Large amounts of Glow provides greater Glow to nearby ghouls on your team.',NULL),(215,121,1,'Hunger and thirst grow 40% slower when in camp or in a team workshop.','003808C5'),(216,121,2,'Hunger and thirst grow 80% slower when in camp or in a team workshop.',NULL),(217,122,1,'Your Luck is increased by 2 while under the influence of alcohol.','000907EB'),(218,122,2,'Your Luck is increased by 3 while under the influence of alcohol.',NULL),(219,123,1,'Gain 7 CHA when bartering at non-player vendors.','0039CF9B'),(220,124,1,'Players you revive are fully healed.','0038AB8C'),(221,125,1,'Players you revive have +18 Action Point regen for 1 minute.','0038AB8D'),(222,126,1,'Gain more XP while on a team based on your CHA.','0008D247'),(223,127,2,'Gain Resistances and AP Regen based on your CHA while not on a team.','0008AD53'),(224,128,1,'Gain 1 Charisma for each teammate, excluding yourself.','00323F96'),(225,128,2,'Gain 2 Charisma for each teammate, excluding yourself.',NULL),(226,129,1,'When on a team, you become feral 50% slower.','007ABF07'),(227,130,1,'Rads increase your chance to inflict 25 Rads with melee attacks!','00006DC3'),(228,130,2,'Rads increase your chance to inflict 50 Rads with melee attacks!',NULL),(229,131,2,'The positive effects of pre-war alcohol are doubled.','000525DF'),(230,131,3,'The positive effects of pre-war alcohol are tripled.',NULL),(231,132,1,'Restore some of your team\'s hunger and thirst when you eat or drink.','003808C0'),(232,132,2,'Restore more of your team\'s hunger and thirst when you eat or drink.',NULL),(233,132,3,'Restore much more of your team\'s hunger and thirst when you eat or drink.',NULL),(234,133,1,'Revive other players with liquor!','001287A0'),(235,134,1,'Players you revive have +25% damage for 2 min.','00397CB8'),(236,135,1,'Regenerate HP while on a team based on your CHA.','003896EC'),(237,136,1,'Run 10% faster when part of a team.','0038AB97'),(238,136,2,'Run 20% faster when part of a team.',NULL),(239,137,1,'Positive mutation effects are +25% stronger if teammates are mutated too.','003860B7'),(240,138,1,'Reduce your target\'s damage output by 10% for 2 seconds after you attack.','003E2201'),(241,138,2,'Reduce your target\'s damage output by 20% for 2 seconds after you attack.',NULL),(242,138,3,'Reduce your target\'s damage output by 30% for 2 seconds after you attack.',NULL),(243,139,1,'Your stimpaks now also heal nearby teammates for half the normal strength.','003872E1'),(244,139,2,'Your stimpaks now also heal nearby teammates for 75% of normal strength.',NULL),(245,139,3,'Your stimpaks now also heal nearby teammates for their full strength.',NULL),(246,140,2,'Each attack makes your target take increased damage.','003E2202'),(247,141,1,'You can Fast Travel while over encumbered at an increased cost.','003BE30F'),(248,142,1,'While in a team with another ghoul, you gain +1 to all S.P.E.C.I.A.L. stats','00797E0A'),(249,142,2,'While in a team with another ghoul, you gain +2 to all S.P.E.C.I.A.L. stats',NULL),(250,142,3,'While in a team with another ghoul, you gain +3 to all S.P.E.C.I.A.L. stats',NULL),(251,143,1,'Aim your gun at some creatures for a 25% chance to pacify it.','003A4A59'),(252,143,2,'Aim your gun at some creatures for a 50% chance to pacify it.',NULL),(253,143,3,'Aim your gun at some creatures for a 75% chance to pacify it.',NULL),(254,144,1,'Your crafted armor has improved durability and costs fewer materials.','003440D9'),(255,145,1,'Energy weapon ammo weighs 45% less.','003896E2'),(256,145,2,'Energy weapon ammo weighs 90% less.',NULL),(257,146,1,'Expending Glow makes your thrown grenades deal +20% damage.','007A1430'),(258,146,2,'Expending Glow makes your thrown grenades deal +35% damage.',NULL),(259,146,3,'Expending Glow makes your thrown grenades deal +50% damage.',NULL),(260,147,1,'You get double the quantity when you craft chems!','003BD59C'),(261,148,1,'Crafting workshop items now costs 25% fewer materials.','003E21E4'),(262,148,2,'Crafting workshop items now costs 50% fewer materials.',NULL),(263,149,2,'Increase cryo damage based on your INT.','003440C6'),(264,150,1,'Your explosives do +20% damage.','003440B9'),(265,150,2,'Your explosives do +40% damage.',NULL),(266,150,3,'Your explosives do +60% damage.',NULL),(267,151,2,'Stimpaks and RadAway heal 60% faster.','000907EF'),(268,152,1,'Stimpaks restore more HP based on your INT.','0003EB3B'),(269,153,1,'You can repair armor and Power Armor to 130% of normal maximum condition.','003E35C1'),(270,153,2,'You can repair armor and Power Armor to 160% of normal maximum condition.',NULL),(271,153,3,'You can repair armor and Power Armor to 200% of normal maximum condition.',NULL),(272,154,1,'Guns break 20% slower.','0039D06B'),(273,154,2,'Guns break 35% slower.',NULL),(274,154,3,'Guns break 50% slower.',NULL),(275,155,1,'Gain +1 hacking skill, and terminal lock-out time is reduced.','00287C5C'),(276,156,1,'Gain +1 hacking skill, and terminal lock-out time is reduced.','00356A1C'),(277,157,1,'Gain +1 hacking skill, and terminal lock-out time is reduced.','00356A1D'),(278,158,1,'Your pipe weapons break 20% slower and are cheaper to repair.','0033843C'),(279,158,2,'Your pipe weapons break 40% slower and are cheaper to repair.',NULL),(280,158,3,'Your pipe weapons break 60% slower and are cheaper to repair.',NULL),(281,159,1,'Energy Weapons expend a small amount of Glow per attack for +10% Damage .','00797E04'),(282,159,2,'Energy Weapons expend a small amount of Glow per attack for +15% Damage .',NULL),(283,159,3,'Energy Weapons expend a small amount of Glow per attack for +20% Damage .',NULL),(284,160,1,'Melee weapons break 40% slower.','0032DA72'),(285,160,2,'Melee weapons break 60% slower.',NULL),(286,160,3,'Melee weapons break 80% slower.',NULL),(287,161,2,'While your Health is low, gain increased damage and AP regen.','0025A22F'),(288,162,1,'RadAway removes more radiation based on your INT.','000907E9'),(289,163,1,'Your Power Armor breaks 20% slower and is cheaper to repair.','00391F25'),(290,163,2,'Your Power Armor breaks 40% slower and is cheaper to repair.',NULL),(291,163,3,'Your Power Armor breaks 60% slower and is cheaper to repair.',NULL),(292,164,1,'Your crafted Power Armor now has improved durability and costs fewer materials.','003440DB'),(293,165,1,'Fusion Cores now last 30% longer.','0027A876'),(294,165,2,'Fusion Cores now last 60% longer.',NULL),(295,165,3,'Fusion Core duration is now doubled.',NULL),(296,166,2,'Increase fire damage based on your INT.','003440C5'),(297,167,1,'Increase Environment Glow intake by 5% on Armors, Double if wearing a matching set.','00797E00'),(298,167,2,'Increase Environment Glow intake by 10% on Armors, Double if wearing a matching set.',NULL),(299,167,3,'Increase Environment Glow intake by 15% on Armors, Double if wearing a matching set.',NULL),(300,168,1,'Hack an enemy robot for a 25% chance to pacify it.','004E84E8'),(301,168,2,'Hack an enemy robot for a 50% chance to pacify it.',NULL),(302,168,3,'Hack an enemy robot for a 75% chance to pacify it.',NULL),(303,169,1,'While you have Glow, gain 5% bonus damage for 10 seconds upon getting hit.','007A142F'),(304,169,2,'While you have Glow, gain 10% bonus damage for 10 seconds upon getting hit.',NULL),(305,169,3,'While you have Glow, gain 15% bonus damage for 10 seconds upon getting hit.',NULL),(306,170,2,'Increase energy damage based on your INT.','003440C4'),(307,171,1,'Obtain more components when you scrap weapons and armor.','0039CFA2'),(308,172,2,'Big guns gain 30% accuracy. Double in Power Armor.','00320167'),(309,173,1,'Power Tools break 10% slower.','006D5080'),(310,173,2,'Power Tools break 25% slower.',NULL),(311,173,3,'Power Tools break 40% slower.',NULL),(312,174,1,'You can repair any weapon to 130% of normal maximum condition.','003D2962'),(313,174,2,'You can repair any weapon to 160% of normal maximum condition.',NULL),(314,174,3,'You can repair any weapon to 200% of normal maximum condition.',NULL),(315,175,1,'Your armor breaks 20% slower and is cheaper to repair.','0038AB87'),(316,175,2,'Your armor breaks 40% slower and is cheaper to repair.',NULL),(317,175,3,'Your armor breaks 60% slower and is cheaper to repair.',NULL),(318,176,1,'Action Points regenerate 15% faster.','00093E84'),(319,176,2,'Action Points regenerate 30% faster.',NULL),(320,176,3,'Action Points regenerate 45% faster.',NULL),(321,177,1,'The power of Glow makes your AP regenerate 15% faster.','00797E10'),(322,177,2,'The power of Glow makes your AP regenerate 30% faster.',NULL),(323,177,3,'The power of Glow makes your AP regenerate 45% faster.',NULL),(324,178,2,'Gain +10% damage per kill while on a Kill Streak (Max 10).','00397CC5'),(325,179,1,'Produce 40% more rounds when crafting ammunition.','003BB50F'),(326,179,2,'Produce 80% more rounds when crafting ammunition.',NULL),(327,180,1,'Falling below 20% health will automatically use a Stimpak, once every 20s.','00330BA5'),(328,180,2,'Falling below 30% health will automatically use a Stimpak, once every 20s.',NULL),(329,180,3,'Falling below 40% health will automatically use a Stimpak, once every 20s.',NULL),(330,181,1,'Your ranged attacks do an additional 15% sneak attack damage.','002EBD26'),(331,181,2,'Your ranged attacks do an additional 30% sneak attack damage.',NULL),(332,181,3,'Your ranged attacks do an additional 50% sneak attack damage.',NULL),(333,182,1,'Sprint 10% faster at increased AP cost when your health is below 40%.','003896FA'),(334,182,2,'Sprint 20% faster at increased AP cost when your health is below 50%.',NULL),(335,183,2,'+5% chance to Evade. Evade no longer has a cooldown. Instead it costs AP.','003D2951'),(336,184,1,'Your small guns gain a 5% stagger chance and +25% limb damage.','00322358'),(337,184,2,'Your small guns gain a 10% stagger chance and +50% limb damage.',NULL),(338,184,3,'Your small guns gain a 15% stagger chance and +75% limb damage.',NULL),(339,185,1,'Sneak to lose enemies, and running no longer affects stealth.','003701B3'),(340,186,1,'Chance to Evade attacks based on AGI. (No Power Armor)','00323F89'),(341,187,1,'Take no damage from falling.','003D2957'),(342,188,1,'You do +10% ranged damage to close enemies.','0031AF0D'),(343,188,2,'You do +15% ranged damage to close enemies.',NULL),(344,188,3,'You do +20% ranged damage to close enemies.',NULL),(345,189,2,'+1% reload speed per Onslaught stack, +3 max stacks.','0031AF0E'),(346,190,3,'+5% ranged damage to close enemies per Onslaught stack, +5 max stacks.','0031AF0F'),(347,191,1,'V.A.T.S. swaps targets on kill with +30% damage to your next target.','003701BF'),(348,191,2,'V.A.T.S. swaps targets on kill with +60% damage up to 2 targets.',NULL),(349,191,3,'V.A.T.S. swaps targets on kill with +90% damage up to 3 targets.',NULL),(350,192,1,'Your running speed is increased by 10% when you have a ranged weapon equipped.','0027A877'),(351,192,2,'Your running speed is increased by 20% when you have a ranged weapon equipped.',NULL),(352,193,1,'Your enhanced reflexes allow you to reload weapons 10% faster.','007ADC78'),(353,193,2,'Your enhanced reflexes allow you to reload weapons 20% faster.',NULL),(354,193,3,'Your enhanced reflexes allow you to reload weapons 30% faster.',NULL),(355,194,1,'Your ranged weapons do +6% weak spot damage.','0031AEF8'),(356,194,2,'Your ranged weapons do +9% weak spot damage.',NULL),(357,194,3,'Your ranged weapons do +12% weak spot damage.',NULL),(358,195,2,'+1% ranged weak spot damage per Onslaught stack, +3 max stacks.','0031AEF9'),(359,196,3,'Gain Onslaught stacks over time and spend them on attacks, +10 max stacks.','0025A792'),(360,197,1,'Workshop turrets do +50% damage and you can disarm better traps.','003896F9'),(361,197,2,'Workshop turrets do +75% damage and you can disarm advanced traps.',NULL),(362,197,3,'Workshop turrets do +100% damage and you can disarm expert traps.',NULL),(363,198,1,'When your Glow is high, gain a 10% evasion chance. (No Power Armor)','007AE865'),(364,198,2,'When your Glow is high, gain a 15% evasion chance. (No Power Armor)',NULL),(365,198,3,'When your Glow is high, gain a 20% evasion chance. (No Power Armor)',NULL),(366,199,1,'You now sprint 10% faster when your Glow is high.','00797E0F'),(367,199,2,'You now sprint 20% faster when your Glow is high.',NULL),(368,200,1,'While sneaking, you never trigger mines or floor-based traps.','003896FB'),(369,201,1,'Sprinting consumes 20% fewer Action Points. (No Power Armor)','0025A7A3'),(370,201,2,'Sprinting consumes 30% fewer Action Points. (No Power Armor)',NULL),(371,201,3,'Sprinting consumes 40% fewer Action Points. (No Power Armor)',NULL),(372,202,1,'Your silenced weapons do an additional 50% sneak attack damage.','0032992F'),(373,202,2,'Your silenced weapons do an additional 100% sneak attack damage.',NULL),(374,203,1,'Small guns gain +10% hip fire accuracy and +25% limb damage.','000907EE'),(375,203,2,'Small guns gain +20% hip fire accuracy and+50% limb damage.',NULL),(376,203,3,'Small guns gain +30% hip fire accuracy and +75% limb damage.',NULL),(377,204,1,'Gain +5% chance to Evade while sprinting. (No Power Armor)','00323F90'),(378,204,2,'Gain +10% chance to Evade while sprinting. (No Power Armor)',NULL),(379,204,3,'Gain +15% chance to Evade while sprinting. (No Power Armor)',NULL),(380,205,1,'Bows, throwing, and melee weapons do +50% sneak attack damage.','0025A7F9'),(381,205,2,'Bows, throwing, and melee weapons do +100% sneak attack damage.',NULL),(382,206,1,'Your Action Points regenerate faster when not over encumbered.','0031E527'),(383,207,1,'Stealth Boys last twice as long!','0038AB93'),(384,207,2,'Stealth Boys last three times as long!',NULL),(385,207,3,'Stealth Boys last four times as long!',NULL),(386,208,1,'You are 25% harder to detect while sneaking.','0034409F'),(387,208,2,'You are 50% harder to detect while sneaking.',NULL),(388,208,3,'You are 75% harder to detect while sneaking.',NULL),(389,209,1,'Gain 2 HP per second while in combat.','00797E09'),(390,209,2,'Gain 4 HP per second while in combat.',NULL),(391,210,1,'V.A.T.S. criticals now do +50% damage.','00287CD5'),(392,210,2,'V.A.T.S. criticals now do +75% damage.',NULL),(393,210,3,'V.A.T.S. criticals now do +100% damage.',NULL),(394,211,1,'Bleeding enemies you kill have a chance to explode based on your LCK.','00073680'),(395,212,1,'Find more canned goods based on your LCK.','00346E0D'),(396,213,1,'You find more bottle caps based on your LCK.','0034527C'),(397,214,1,'The negative effects of your mutations are reduced by 25%.','00391F13'),(398,214,2,'The negative effects of your mutations are reduced by 50%.',NULL),(399,214,3,'The negative effects of your mutations are reduced by 75%.',NULL),(400,215,1,'Critical Hits now only consume 85% of your critical meter.','003E21E5'),(401,215,2,'Critical Hits now only consume 70% of your critical meter.',NULL),(402,215,3,'Critical Hits now only consume 55% of your critical meter.',NULL),(403,216,1,'The benefits of bobbleheads and magazines last twice as long.','00391F19'),(404,217,1,'You have a 50% chance to keep your Stimpak when you revive another player.','003BD592'),(405,218,2,'Weak point damage is increased by 15%.','00797E0B'),(406,219,1,'Misses in V.A.T.S. now contribute to the Critical Meter based on your LCK.','003701BE'),(407,220,1,'When your Glow is high, Gain 20% bonus Critical damage in V.A.T.S.','00797E0E'),(408,220,2,'When your Glow is high, Gain 35% bonus Critical damage in V.A.T.S.',NULL),(409,220,3,'When your Glow is high, Gain 50% bonus Critical damage in V.A.T.S.',NULL),(410,221,1,'Food in your inventory will spoil 45% slower.','0052415D'),(411,221,2,'Food in your inventory will spoil 90% slower.',NULL),(412,222,2,'Any kill in V.A.T.S. restores Action Points, based on your LCK.','0027A870'),(413,223,1,'Gain Resistances based on your LCK and amount of junk held.','003E21EC'),(414,224,1,'You drop a live grenade from your inventory when you die.','0051ABC6'),(415,225,1,'Slight chance your weapon will repair itself when hitting an enemy.','00356A05'),(416,225,2,'Chance your weapon will repair itself even more when hitting an enemy.',NULL),(417,225,3,'Chance your weapon will greatly repair itself when hitting an enemy.',NULL),(418,226,1,'Slight chance your equipped armor will repair itself when struck.','00356A0A'),(419,226,2,'Chance your equipped armor will repair itself even more when struck.',NULL),(420,226,3,'Chance your equipped armor will greatly repair itself when struck.',NULL),(421,227,1,'A Mysterious Savior will occasionally appear to revive you when downed.','0039CFA1'),(422,227,2,'A Mysterious Savior will more frequently appear to revive you when downed.',NULL),(423,227,3,'The Mysterious Savior will regularly appear to revive you when downed.',NULL),(424,228,1,'The Mysterious Stranger will appear occasionally in V.A.T.S. to lend a hand.','003408AD'),(425,228,2,'The Mysterious Stranger appears more often when using V.A.T.S.',NULL),(426,228,3,'The Mysterious Stranger appears so much in V.A.T.S., he knows you by name.',NULL),(427,229,1,'Stimpaks may generate edible meat tissue. Higher Rads improve the chance.','003472CE'),(428,229,2,'Stimpaks generate more edible meat tissue. Higher Rads improve the chance.',NULL),(429,229,3,'Stimpaks generate excessive, edible meat. Higher Rads improve the chance.',NULL),(430,230,1,'Heavy guns gain a 4% stagger chance and +25% limb damage.','0032015B'),(431,230,2,'Heavy guns gain a 8% stagger chance and +50% limb damage.',NULL),(432,230,3,'Heavy guns gain a 12% stagger chance and +75% limb damage.',NULL),(433,231,1,'Find more first aid Chems based on your LCK.','0034EBCE'),(434,232,2,'Hits outside V.A.T.S. refill your Critical Meter at 10% contribution.','0027A871'),(435,233,1,'Gain a 6% chance to instantly reload when your clip is empty.','003E8630'),(436,233,2,'Gain a 12% chance to instantly reload when your clip is empty.',NULL),(437,233,3,'Gain a 18% chance to instantly reload when your clip is empty.',NULL),(438,234,1,'Gain a chance to Deflect ranged attacks based on LCK.','00330BA9'),(439,235,1,'Find more non-explosive ammo based on your LCK.','00310D5A'),(440,236,1,'While below 30% health, gain a chance to Evade based on LCK. (No Power Armor)','00330B9E'),(441,237,1,'Gain health regeneration while outside during rain or Rad Storms.','00391F1D'),(442,237,2,'Gain high health regeneration while outside during rain or Rad Storms.',NULL),(443,238,1,'When you craft anything, there is a 10% chance you\'ll get double results!','003BD59B'),(444,238,2,'When you craft anything, there is a 20% chance you\'ll get double results!',NULL),(445,238,3,'When you craft anything, there is a 30% chance you\'ll get double results!',NULL),(446,239,1,'12% chance to instantly reload your entire magazine when empty.','00797E14'),(447,239,2,'24% chance to instantly reload your entire magazine when empty.',NULL),(448,239,3,'36% chance to instantly reload your entire magazine when empty.',NULL),(449,240,1,'Collect twice as much when harvesting wood.','004F9FD3');
/*!40000 ALTER TABLE `perk_ranks` ENABLE KEYS */;
UNLOCK TABLES;

--
-- Table structure for table `perks`
--

DROP TABLE IF EXISTS `perks`;
/*!40101 SET @saved_cs_client     = @@character_set_client */;
/*!50503 SET character_set_client = utf8mb4 */;
CREATE TABLE `perks` (
  `id` int NOT NULL AUTO_INCREMENT,
  `name` varchar(128) NOT NULL,
  `special` char(1) DEFAULT NULL,
  `level` int DEFAULT NULL,
  `race` varchar(32) DEFAULT NULL,
  PRIMARY KEY (`id`),
  UNIQUE KEY `uq_perk_name` (`name`),
  KEY `idx_perk_special` (`special`),
  KEY `idx_perk_race` (`race`)
) ENGINE=InnoDB AUTO_INCREMENT=241 DEFAULT CHARSET=utf8mb4 COLLATE=utf8mb4_0900_ai_ci;
/*!40101 SET character_set_client = @saved_cs_client */;

--
-- Dumping data for table `perks`
--

LOCK TABLES `perks` WRITE;
/*!40000 ALTER TABLE `perks` DISABLE KEYS */;
INSERT INTO `perks` VALUES (1,'Arms Keeper','S',28,'Human, Ghoul'),(2,'Arms of Steel','S',70,'Ghoul'),(3,'Bandolier','S',22,'Human, Ghoul'),(4,'Barbarian','S',14,'Human, Ghoul'),(5,'Basher','S',11,'Human, Ghoul'),(6,'Bear Arms','S',35,'Human, Ghoul'),(7,'Blocker','S',21,'Human, Ghoul'),(8,'Blood Luster','S',35,'Human, Ghoul'),(9,'Bone shatterer','S',90,'Ghoul'),(10,'Brick Wall','S',100,'Ghoul'),(11,'Bringing the Big Guns','S',50,'Human, Ghoul'),(12,'Bullet Storm','S',30,'Human, Ghoul'),(13,'Easy Target','S',5,'Human, Ghoul'),(14,'Full Charge','S',33,'Human, Ghoul'),(15,'Heavy Hitter','S',35,'Human, Ghoul'),(16,'Incisor','S',34,'Human, Ghoul'),(17,'Iron Fist','S',2,'Human, Ghoul'),(18,'Knee-Capper','S',15,'Human, Ghoul'),(19,'Lock and Load','S',37,'Human, Ghoul'),(20,'Love the Spread','S',20,'Human, Ghoul'),(21,'Martial Artist','S',16,'Human, Ghoul'),(22,'Natural Stance','S',15,'Human, Ghoul'),(23,'Ordnance Express','S',31,'Human, Ghoul'),(24,'Pack Rat','S',7,'Human, Ghoul'),(25,'Pain Train','S',41,'Human, Ghoul'),(26,'Portable Power','S',24,'Human, Ghoul'),(27,'Radioactive Strength','S',80,'Ghoul'),(28,'Scattershot','S',18,'Human, Ghoul'),(29,'Shotgun Champ','S',40,'Human, Ghoul'),(30,'Slugger','S',2,'Human, Ghoul'),(31,'Strong Arm','S',5,'Human, Ghoul'),(32,'Strong Back','S',26,'Human, Ghoul'),(33,'Sturdy Frame','S',13,'Human, Ghoul'),(34,'Tightly Wound','S',40,'Human, Ghoul'),(35,'Traveling Pharmacy','S',3,'Human, Ghoul'),(36,'Wound Salter','S',2,'Human, Ghoul'),(37,'Wrecking Ball','S',29,'Human, Ghoul'),(38,'Awareness','P',20,'Human, Ghoul'),(39,'Bow Before Me','P',6,'Human, Ghoul'),(40,'Breathe It In','P',60,'Ghoul'),(41,'Butcher\'s Bounty','P',3,'Human, Ghoul'),(42,'Center Masochist','P',5,'Human, Ghoul'),(43,'Concentrated Fire','P',2,'Human, Ghoul'),(44,'Crack Shot','P',7,'Human, Ghoul'),(45,'Deal Sealer','P',15,'Human, Ghoul'),(46,'Down Ranger','P',2,'Human, Ghoul'),(47,'Exterminator','P',14,'Human, Ghoul'),(48,'Eye of the Hunter','P',85,'Ghoul'),(49,'Fast Fighter','P',20,'Human, Ghoul'),(50,'Fortune Finder','P',22,'Human, Ghoul'),(51,'Glow Sight','P',33,'Human, Ghoul'),(52,'Glowing Hunter','P',75,'Ghoul'),(53,'Green Thumb','P',4,'Human, Ghoul'),(54,'Grenadier','P',35,'Human, Ghoul'),(55,'Ground Pounder','P',18,'Human, Ghoul'),(56,'Hat Trick','P',2,'Human, Ghoul'),(57,'Long Shot','P',37,'Human, Ghoul'),(58,'Master Archer','P',35,'Human, Ghoul'),(59,'Night Eyes','P',50,'Human, Ghoul'),(60,'Night Person','P',24,'Human, Ghoul'),(61,'Number Cruncher','P',40,'Human, Ghoul'),(62,'Pannapictagraphist','P',12,'Human, Ghoul'),(63,'Percepti-Bobble','P',16,'Human, Ghoul'),(64,'Picklock','P',5,'Human, Ghoul'),(65,'Picklock Expert','P',19,'Human, Ghoul'),(66,'Picklock Master','P',40,'Human, Ghoul'),(67,'Rad-Reaver','P',100,'Ghoul'),(68,'Refractor','P',32,'Human, Ghoul'),(69,'Scoped-up','P',15,'Human, Ghoul'),(70,'Skeet Shooter','P',10,'Human, Ghoul'),(71,'Smart Shot','P',35,'Human, Ghoul'),(72,'Sniper','P',28,'Human, Ghoul'),(73,'Tank Killer','P',30,'Human, Ghoul'),(74,'Tormentor','P',37,'Human, Ghoul'),(75,'Adamantium Skeleton','E',21,'Human, Ghoul'),(76,'All Night Long','E',41,'Human, Ghoul'),(77,'Aquaboy/Aquagirl','E',26,'Human, Ghoul'),(78,'Bloodsucker','E',11,'Human, Ghoul'),(79,'Bullet Shield','E',39,'Human, Ghoul'),(80,'Cannibal','E',15,'Human, Ghoul'),(81,'Chem Diet','E',55,'Ghoul'),(82,'Chem Fiend','E',23,'Human, Ghoul'),(83,'Chem Resistant','E',43,'Human'),(84,'Cola Nut','E',14,'Human, Ghoul'),(85,'Dromedary','E',3,'Human'),(86,'Fireproof','E',27,'Human, Ghoul'),(87,'Ghoulish','E',36,'Human'),(88,'Glowing Gut','E',80,'Ghoul'),(89,'Good Doggy','E',8,'Human, Ghoul'),(90,'Homebody','E',19,'Human, Ghoul'),(91,'Hydro Fix','E',11,'Human'),(92,'Iron Stomach','E',4,'Human'),(93,'Ironclad','E',30,'Human, Ghoul'),(94,'Lead Belly','E',2,'Human'),(95,'LifeGiver','E',50,'Human, Ghoul'),(96,'Munchy Resistance','E',17,'Human'),(97,'Natural Resistance','E',10,'Human'),(98,'Nocturnal Fortitude','E',29,'Human, Ghoul'),(99,'Photosynthetic','E',47,'Human, Ghoul'),(100,'Professional Drinker','E',39,'Human, Ghoul'),(101,'Rad Resistant','E',34,'Human'),(102,'Rad Sponge','E',44,'Human'),(103,'Radiation Power','E',50,'Ghoul'),(104,'Radicool','E',38,'Human'),(105,'Rejuvenated','E',12,'Human'),(106,'Slow Metabolizer','E',5,'Human'),(107,'Solar Powered','E',22,'Human, Ghoul'),(108,'Starched Genes','E',30,'Human, Ghoul'),(109,'Sun Kissed','E',45,'Human'),(110,'Thick Skin','E',60,'Ghoul'),(111,'Thirst Quencher','E',6,'Human'),(112,'Thru-hiker','E',7,'Human, Ghoul'),(113,'Vaccinated','E',16,'Human'),(114,'Animal Friend','C',30,'Human, Ghoul'),(115,'Anti-Epidemic','C',34,'Human, Ghoul'),(116,'Bodyguards','C',5,'Human, Ghoul'),(117,'E.M.T.','C',9,'Human, Ghoul'),(118,'Feral Presence','C',80,'Ghoul'),(119,'Friendly Fire','C',48,'Human, Ghoul'),(120,'Glowing One','C',50,'Ghoul'),(121,'Happy Camper','C',3,'Human'),(122,'Happy-Go-Lucky','C',17,'Human, Ghoul'),(123,'Hard Bargain','C',7,'Human, Ghoul'),(124,'Healing Hands','C',28,'Human, Ghoul'),(125,'Injector','C',19,'Human, Ghoul'),(126,'Inspirational','C',2,'Human, Ghoul'),(127,'Lone Wanderer','C',4,'Human, Ghoul'),(128,'Magnetic Personality','C',13,'Human, Ghoul'),(129,'Moral Support','C',70,'Ghoul'),(130,'Overly Generous','C',32,'Human'),(131,'Party Boy/Party Girl','C',24,'Human, Ghoul'),(132,'Philanthropist','C',39,'Human, Ghoul'),(133,'Quack Surgeon','C',22,'Human, Ghoul'),(134,'Revenant','C',32,'Human, Ghoul'),(135,'Spiritual Healer','C',36,'Human, Ghoul'),(136,'Squad Maneuvers','C',37,'Human, Ghoul'),(137,'Strange In Numbers','C',42,'Human, Ghoul'),(138,'Suppressor','C',40,'Human, Ghoul'),(139,'Team Medic','C',20,'Human, Ghoul'),(140,'Tenderizer','C',46,'Human, Ghoul'),(141,'Travel Agent','C',26,'Human, Ghoul'),(142,'United Ordeal','C',60,'Ghoul'),(143,'Wasteland Whisperer','C',50,'Human, Ghoul'),(144,'Armorer','I',15,'Human, Ghoul'),(145,'Batteries Included','I',28,'Human, Ghoul'),(146,'Bomb Scientist','I',80,'Ghoul'),(147,'Chemist','I',34,'Human, Ghoul'),(148,'Contractor','I',18,'Human, Ghoul'),(149,'Cryologist','I',40,'Human, Ghoul'),(150,'Demolition Expert','I',10,'Human, Ghoul'),(151,'Field Surgeon','I',15,'Human, Ghoul'),(152,'First Aid','I',2,'Human, Ghoul'),(153,'Fix It Good','I',27,'Human, Ghoul'),(154,'Gunsmith','I',11,'Human, Ghoul'),(155,'Hacker','I',4,'Human, Ghoul'),(156,'Hacker Expert','I',22,'Human, Ghoul'),(157,'Hacker Master','I',38,'Human, Ghoul'),(158,'Licensed Plumber','I',5,'Human, Ghoul'),(159,'Mad Scientist','I',60,'Ghoul'),(160,'Makeshift Warrior','I',9,'Human, Ghoul'),(161,'Nerd Rage!','I',46,'Human, Ghoul'),(162,'Pharmacist','I',6,'Human'),(163,'Power Patcher','I',44,'Human, Ghoul'),(164,'Power Smith','I',41,'Human, Ghoul'),(165,'Power User','I',50,'Human, Ghoul'),(166,'Pyro-Technician','I',30,'Human, Ghoul'),(167,'Rad Specialist','I',70,'Ghoul'),(168,'Robotics Expert','I',48,'Human, Ghoul'),(169,'Science Monster','I',100,'Ghoul'),(170,'Science!','I',20,'Human, Ghoul'),(171,'Scrapper','I',13,'Human, Ghoul'),(172,'Stabilized','I',36,'Human, Ghoul'),(173,'Stable Tools','I',39,'Human, Ghoul'),(174,'Weapon Artisan','I',40,'Human, Ghoul'),(175,'White Knight','I',39,'Human, Ghoul'),(176,'Action Boy/Action Girl','A',2,'Human, Ghoul'),(177,'Action Ghoul','A',50,'Ghoul'),(178,'Adrenaline','A',49,'Human, Ghoul'),(179,'Ammosmith','A',34,'Human, Ghoul'),(180,'Born Survivor','A',3,'Human, Ghoul'),(181,'Covert Operative','A',27,'Human, Ghoul'),(182,'Dead Man Sprinting','A',8,'Human, Ghoul'),(183,'Dodgy','A',45,'Human, Ghoul'),(184,'Enforcer','A',30,'Human, Ghoul'),(185,'Escape Artist','A',35,'Human, Ghoul'),(186,'Evasive','A',17,'Human, Ghoul'),(187,'Goat Legs','A',32,'Human, Ghoul'),(188,'Guerrilla','A',5,'Human, Ghoul'),(189,'Guerrilla Expert','A',20,'Human, Ghoul'),(190,'Guerrilla Master','A',40,'Human, Ghoul'),(191,'Gun Fu','A',50,'Human, Ghoul'),(192,'Gun Runner','A',4,'Human, Ghoul'),(193,'Gun Tricks','A',80,'Ghoul'),(194,'Gunslinger','A',2,'Human, Ghoul'),(195,'Gunslinger Expert','A',15,'Human, Ghoul'),(196,'Gunslinger Master','A',35,'Human, Ghoul'),(197,'Home Defense','A',22,'Human, Ghoul'),(198,'Hyper Reflexes','A',100,'Ghoul'),(199,'Jaguar Speed','A',60,'Ghoul'),(200,'Light Footed','A',29,'Human, Ghoul'),(201,'Marathoner','A',13,'Human, Ghoul'),(202,'Mister Sandman','A',37,'Human, Ghoul'),(203,'Modern Renegade','A',18,'Human, Ghoul'),(204,'Moving Target','A',5,'Human, Ghoul'),(205,'Ninja','A',15,'Human, Ghoul'),(206,'Packin\' Light','A',9,'Human, Ghoul'),(207,'Secret Agent','A',47,'Human, Ghoul'),(208,'Sneak','A',20,'Human, Ghoul'),(209,'Battle-Genes','L',80,'Ghoul'),(210,'Better Criticals','L',47,'Human, Ghoul'),(211,'Bloody Mess','L',42,'Human, Ghoul'),(212,'Can Do!','L',7,'Human, Ghoul'),(213,'Cap Collector','L',16,'Human, Ghoul'),(214,'Class Freak','L',46,'Human, Ghoul'),(215,'Critical Savvy','L',44,'Human, Ghoul'),(216,'Curator','L',19,'Human, Ghoul'),(217,'Dry Nurse','L',23,'Human, Ghoul'),(218,'Faulty Spots','L',75,'Ghoul'),(219,'Four Leaf Clover','L',29,'Human, Ghoul'),(220,'Glowing Criticals','L',100,'Ghoul'),(221,'Good With Salt','L',9,'Human, Ghoul'),(222,'Grim Reaper\'s Sprint','L',33,'Human, Ghoul'),(223,'Junk Shield','L',10,'Human, Ghoul'),(224,'Last Laugh','L',27,'Human, Ghoul'),(225,'Luck of the Draw','L',14,'Human, Ghoul'),(226,'Lucky Break','L',24,'Human, Ghoul'),(227,'Mysterious Savior','L',49,'Human, Ghoul'),(228,'Mysterious Stranger','L',26,'Human, Ghoul'),(229,'Mystery Meat','L',12,'Human'),(230,'One Gun Army','L',31,'Human, Ghoul'),(231,'Pharma Farma','L',2,'Human, Ghoul'),(232,'Psychopath','L',20,'Human, Ghoul'),(233,'Quick Hands','L',40,'Human'),(234,'Ricochet','L',38,'Human, Ghoul'),(235,'Scrounger','L',3,'Human, Ghoul'),(236,'Serendipity','L',5,'Human, Ghoul'),(237,'Storm Chaser','L',35,'Human, Ghoul'),(238,'Super Duper','L',50,'Human, Ghoul'),(239,'Wild West Hands','L',65,'Ghoul'),(240,'WoodChucker','L',17,'Human, Ghoul');
/*!40000 ALTER TABLE `perks` ENABLE KEYS */;
UNLOCK TABLES;

--
-- Temporary view structure for view `v_armor_complete`
--

DROP TABLE IF EXISTS `v_armor_complete`;
/*!50001 DROP VIEW IF EXISTS `v_armor_complete`*/;
SET @saved_cs_client     = @@character_set_client;
/*!50503 SET character_set_client = utf8mb4 */;
/*!50001 CREATE VIEW `v_armor_complete` AS SELECT 
 1 AS `id`,
 1 AS `name`,
 1 AS `armor_type`,
 1 AS `class`,
 1 AS `slot`,
 1 AS `set_name`,
 1 AS `level`,
 1 AS `damage_resistance`,
 1 AS `energy_resistance`,
 1 AS `radiation_resistance`,
 1 AS `cryo_resistance`,
 1 AS `fire_resistance`,
 1 AS `poison_resistance`,
 1 AS `source_url`*/;
SET character_set_client = @saved_cs_client;

--
-- Temporary view structure for view `v_consumables_complete`
--

DROP TABLE IF EXISTS `v_consumables_complete`;
/*!50001 DROP VIEW IF EXISTS `v_consumables_complete`*/;
SET @saved_cs_client     = @@character_set_client;
/*!50503 SET character_set_client = utf8mb4 */;
/*!50001 CREATE VIEW `v_consumables_complete` AS SELECT 
 1 AS `consumable_id`,
 1 AS `consumable_name`,
 1 AS `category`,
 1 AS `subcategory`,
 1 AS `effects`,
 1 AS `duration`,
 1 AS `hp_restore`,
 1 AS `rads`,
 1 AS `hunger_satisfaction`,
 1 AS `thirst_satisfaction`,
 1 AS `special_modifiers`,
 1 AS `addiction_risk`,
 1 AS `disease_risk`,
 1 AS `weight`,
 1 AS `value`,
 1 AS `form_id`,
 1 AS `crafting_station`,
 1 AS `source_url`*/;
SET character_set_client = @saved_cs_client;

--
-- Temporary view structure for view `v_legendary_perks_all_ranks`
--

DROP TABLE IF EXISTS `v_legendary_perks_all_ranks`;
/*!50001 DROP VIEW IF EXISTS `v_legendary_perks_all_ranks`*/;
SET @saved_cs_client     = @@character_set_client;
/*!50503 SET character_set_client = utf8mb4 */;
/*!50001 CREATE VIEW `v_legendary_perks_all_ranks` AS SELECT 
 1 AS `legendary_perk_id`,
 1 AS `perk_name`,
 1 AS `base_description`,
 1 AS `race`,
 1 AS `rank`,
 1 AS `rank_description`,
 1 AS `effect_value`,
 1 AS `effect_type`*/;
SET character_set_client = @saved_cs_client;

--
-- Temporary view structure for view `v_mutations_complete`
--

DROP TABLE IF EXISTS `v_mutations_complete`;
/*!50001 DROP VIEW IF EXISTS `v_mutations_complete`*/;
SET @saved_cs_client     = @@character_set_client;
/*!50503 SET character_set_client = utf8mb4 */;
/*!50001 CREATE VIEW `v_mutations_complete` AS SELECT 
 1 AS `mutation_id`,
 1 AS `mutation_name`,
 1 AS `positive_effects`,
 1 AS `negative_effects`,
 1 AS `form_id`,
 1 AS `exclusive_with`,
 1 AS `suppression_perk`,
 1 AS `enhancement_perk`,
 1 AS `source_url`*/;
SET character_set_client = @saved_cs_client;

--
-- Temporary view structure for view `v_perks_all_ranks`
--

DROP TABLE IF EXISTS `v_perks_all_ranks`;
/*!50001 DROP VIEW IF EXISTS `v_perks_all_ranks`*/;
SET @saved_cs_client     = @@character_set_client;
/*!50503 SET character_set_client = utf8mb4 */;
/*!50001 CREATE VIEW `v_perks_all_ranks` AS SELECT 
 1 AS `perk_id`,
 1 AS `perk_name`,
 1 AS `special`,
 1 AS `min_level`,
 1 AS `race`,
 1 AS `rank`,
 1 AS `rank_description`,
 1 AS `form_id`*/;
SET character_set_client = @saved_cs_client;

--
-- Temporary view structure for view `v_weapons_with_perks`
--

DROP TABLE IF EXISTS `v_weapons_with_perks`;
/*!50001 DROP VIEW IF EXISTS `v_weapons_with_perks`*/;
SET @saved_cs_client     = @@character_set_client;
/*!50503 SET character_set_client = utf8mb4 */;
/*!50001 CREATE VIEW `v_weapons_with_perks` AS SELECT 
 1 AS `id`,
 1 AS `weapon_name`,
 1 AS `weapon_type`,
 1 AS `weapon_class`,
 1 AS `level`,
 1 AS `damage`,
 1 AS `regular_perks`,
 1 AS `legendary_perks`,
 1 AS `source_url`*/;
SET character_set_client = @saved_cs_client;

--
-- Table structure for table `weapon_legendary_perk_effects`
--

DROP TABLE IF EXISTS `weapon_legendary_perk_effects`;
/*!40101 SET @saved_cs_client     = @@character_set_client */;
/*!50503 SET character_set_client = utf8mb4 */;
CREATE TABLE `weapon_legendary_perk_effects` (
  `weapon_id` int NOT NULL,
  `legendary_perk_id` int NOT NULL,
  PRIMARY KEY (`weapon_id`,`legendary_perk_id`),
  KEY `fk_wlpe_perk` (`legendary_perk_id`),
  CONSTRAINT `fk_wlpe_perk` FOREIGN KEY (`legendary_perk_id`) REFERENCES `legendary_perks` (`id`) ON DELETE CASCADE,
  CONSTRAINT `fk_wlpe_weapon` FOREIGN KEY (`weapon_id`) REFERENCES `weapons` (`id`) ON DELETE CASCADE
) ENGINE=InnoDB DEFAULT CHARSET=utf8mb4 COLLATE=utf8mb4_0900_ai_ci;
/*!40101 SET character_set_client = @saved_cs_client */;

--
-- Dumping data for table `weapon_legendary_perk_effects`
--

LOCK TABLES `weapon_legendary_perk_effects` WRITE;
/*!40000 ALTER TABLE `weapon_legendary_perk_effects` DISABLE KEYS */;
INSERT INTO `weapon_legendary_perk_effects` VALUES (8,4),(13,4),(14,4),(16,4),(18,4),(19,4),(21,4),(25,4),(27,4),(28,4),(30,4),(31,4),(35,4),(36,4),(42,4),(43,4),(44,4),(45,4),(46,4),(50,4),(54,4),(56,4),(65,4),(66,4),(67,4),(68,4),(70,4),(71,4),(72,4),(75,4),(76,4),(81,4),(84,4),(89,4),(106,4),(111,4),(113,4),(114,4),(115,4),(116,4),(121,4),(129,4),(131,4),(137,4),(139,4),(141,4),(142,4),(144,4),(148,4),(151,4),(152,4),(153,4),(159,4),(168,4),(172,4),(174,4),(176,4),(180,4),(182,4),(183,4),(185,4),(196,4),(197,4),(201,4),(203,4),(204,4),(205,4),(206,4),(207,4),(209,4),(210,4),(214,4),(216,4),(217,4),(222,4),(225,4),(228,4),(229,4),(232,4),(233,4),(238,4),(240,4),(245,4),(246,4),(248,4),(249,4),(255,4),(256,4),(257,4),(260,4),(8,5),(13,5),(14,5),(16,5),(18,5),(19,5),(21,5),(25,5),(27,5),(28,5),(30,5),(31,5),(35,5),(36,5),(42,5),(43,5),(44,5),(45,5),(46,5),(50,5),(54,5),(56,5),(65,5),(66,5),(67,5),(68,5),(70,5),(71,5),(72,5),(75,5),(76,5),(81,5),(84,5),(89,5),(106,5),(111,5),(113,5),(114,5),(115,5),(116,5),(121,5),(129,5),(131,5),(137,5),(139,5),(141,5),(142,5),(144,5),(148,5),(151,5),(152,5),(153,5),(159,5),(168,5),(172,5),(174,5),(176,5),(180,5),(182,5),(183,5),(185,5),(196,5),(197,5),(201,5),(203,5),(204,5),(205,5),(206,5),(207,5),(209,5),(210,5),(214,5),(216,5),(217,5),(222,5),(225,5),(228,5),(229,5),(232,5),(233,5),(238,5),(240,5),(245,5),(246,5),(248,5),(249,5),(255,5),(256,5),(257,5),(260,5),(189,6),(19,8),(36,8),(70,8),(71,8),(76,8),(84,8),(106,8),(129,8),(141,8),(148,8),(183,8),(240,8),(246,8),(1,9),(2,9),(3,9),(4,9),(5,9),(6,9),(7,9),(9,9),(10,9),(12,9),(15,9),(22,9),(23,9),(24,9),(29,9),(32,9),(34,9),(37,9),(38,9),(40,9),(47,9),(48,9),(49,9),(51,9),(52,9),(55,9),(57,9),(58,9),(60,9),(61,9),(64,9),(69,9),(74,9),(82,9),(85,9),(86,9),(87,9),(91,9),(93,9),(94,9),(102,9),(103,9),(104,9),(105,9),(107,9),(108,9),(109,9),(110,9),(119,9),(120,9),(123,9),(124,9),(125,9),(126,9),(127,9),(130,9),(132,9),(133,9),(134,9),(135,9),(138,9),(143,9),(145,9),(146,9),(147,9),(154,9),(157,9),(160,9),(163,9),(166,9),(167,9),(169,9),(170,9),(171,9),(173,9),(175,9),(178,9),(181,9),(188,9),(191,9),(192,9),(193,9),(198,9),(199,9),(200,9),(208,9),(211,9),(212,9),(213,9),(215,9),(218,9),(219,9),(220,9),(223,9),(224,9),(226,9),(227,9),(230,9),(231,9),(234,9),(235,9),(237,9),(243,9),(244,9),(247,9),(250,9),(251,9),(252,9),(254,9),(258,9),(261,9),(262,9),(1,11),(2,11),(3,11),(4,11),(5,11),(6,11),(7,11),(9,11),(10,11),(12,11),(15,11),(22,11),(23,11),(24,11),(29,11),(32,11),(34,11),(37,11),(38,11),(40,11),(47,11),(48,11),(49,11),(51,11),(52,11),(55,11),(57,11),(58,11),(60,11),(61,11),(64,11),(69,11),(74,11),(82,11),(85,11),(86,11),(87,11),(91,11),(93,11),(94,11),(102,11),(103,11),(104,11),(105,11),(107,11),(108,11),(109,11),(110,11),(119,11),(120,11),(123,11),(124,11),(125,11),(126,11),(127,11),(130,11),(132,11),(133,11),(134,11),(135,11),(138,11),(143,11),(145,11),(146,11),(147,11),(154,11),(157,11),(160,11),(163,11),(166,11),(167,11),(169,11),(170,11),(171,11),(173,11),(175,11),(178,11),(181,11),(188,11),(191,11),(192,11),(193,11),(198,11),(199,11),(200,11),(208,11),(211,11),(212,11),(213,11),(215,11),(218,11),(219,11),(220,11),(223,11),(224,11),(226,11),(227,11),(230,11),(231,11),(234,11),(235,11),(237,11),(243,11),(244,11),(247,11),(250,11),(251,11),(252,11),(254,11),(258,11),(261,11),(262,11),(8,22),(13,22),(14,22),(16,22),(18,22),(19,22),(21,22),(25,22),(27,22),(28,22),(30,22),(31,22),(35,22),(36,22),(42,22),(43,22),(44,22),(45,22),(46,22),(50,22),(54,22),(56,22),(65,22),(66,22),(67,22),(68,22),(70,22),(71,22),(72,22),(75,22),(76,22),(81,22),(84,22),(89,22),(106,22),(111,22),(113,22),(114,22),(115,22),(116,22),(121,22),(129,22),(131,22),(137,22),(139,22),(141,22),(142,22),(144,22),(148,22),(151,22),(152,22),(153,22),(159,22),(168,22),(172,22),(174,22),(176,22),(180,22),(182,22),(183,22),(185,22),(196,22),(197,22),(201,22),(203,22),(204,22),(205,22),(206,22),(207,22),(209,22),(210,22),(214,22),(216,22),(217,22),(222,22),(225,22),(228,22),(229,22),(232,22),(233,22),(238,22),(240,22),(245,22),(246,22),(248,22),(249,22),(255,22),(256,22),(257,22),(260,22);
/*!40000 ALTER TABLE `weapon_legendary_perk_effects` ENABLE KEYS */;
UNLOCK TABLES;

--
-- Table structure for table `weapon_perk_rules`
--

DROP TABLE IF EXISTS `weapon_perk_rules`;
/*!40101 SET @saved_cs_client     = @@character_set_client */;
/*!50503 SET character_set_client = utf8mb4 */;
CREATE TABLE `weapon_perk_rules` (
  `id` int NOT NULL AUTO_INCREMENT,
  `weapon_id` int NOT NULL,
  `perk_id` int NOT NULL,
  `weapon_class` enum('pistol','rifle','heavy','melee','explosive','any') DEFAULT 'any',
  `fire_mode` enum('auto','semi','any') DEFAULT 'any',
  `scope_state` enum('scoped','unscoped','any') DEFAULT 'any',
  `aim_state` enum('ads','hip_fire','any') DEFAULT 'any',
  `vats_state` enum('in_vats','out_vats','any') DEFAULT 'any',
  `mod_requirements` varchar(255) DEFAULT NULL,
  `note` varchar(255) DEFAULT NULL,
  PRIMARY KEY (`id`),
  KEY `fk_wpr_weapon` (`weapon_id`),
  KEY `fk_wpr_perk` (`perk_id`),
  CONSTRAINT `fk_wpr_perk` FOREIGN KEY (`perk_id`) REFERENCES `perks` (`id`) ON DELETE CASCADE,
  CONSTRAINT `fk_wpr_weapon` FOREIGN KEY (`weapon_id`) REFERENCES `weapons` (`id`) ON DELETE CASCADE
) ENGINE=InnoDB AUTO_INCREMENT=64 DEFAULT CHARSET=utf8mb4 COLLATE=utf8mb4_0900_ai_ci;
/*!40101 SET character_set_client = @saved_cs_client */;

--
-- Dumping data for table `weapon_perk_rules`
--

LOCK TABLES `weapon_perk_rules` WRITE;
/*!40000 ALTER TABLE `weapon_perk_rules` DISABLE KEYS */;
INSERT INTO `weapon_perk_rules` VALUES (1,5,192,'pistol','any','any','any','any',NULL,'pistol mode'),(2,5,55,'rifle','any','any','any','any',NULL,'rifle mode'),(3,6,44,'any','any','any','ads','any',NULL,'when aiming down sights'),(4,6,72,'any','any','scoped','any','any',NULL,'scoped'),(5,82,194,'pistol','any','any','any','any',NULL,'non-auto pistol mode'),(6,82,195,'pistol','any','any','any','any',NULL,'non-auto pistol mode'),(7,82,196,'pistol','any','any','any','any',NULL,'non-auto pistol mode'),(8,82,188,'pistol','any','any','any','any',NULL,'auto pistol mode'),(9,82,189,'pistol','any','any','any','any',NULL,'auto pistol mode'),(10,82,190,'pistol','any','any','any','any',NULL,'auto pistol mode'),(11,82,192,'pistol','any','any','any','any',NULL,'pistol mode'),(12,82,203,'pistol','any','any','any','any',NULL,'pistol mode'),(13,82,44,'pistol','any','any','ads','any',NULL,'when aiming down sights, pistol mode'),(14,82,55,'rifle','any','any','any','any',NULL,'rifle mode'),(15,82,74,'rifle','any','any','any','any',NULL,'rifle mode'),(16,82,57,'rifle','any','any','ads','any',NULL,'when aiming down sights, rifle mode'),(17,130,194,'pistol','any','any','any','any',NULL,'non-auto pistol mode'),(18,130,195,'pistol','any','any','any','any',NULL,'non-auto pistol mode'),(19,130,196,'pistol','any','any','any','any',NULL,'non-auto pistol mode'),(20,130,188,'pistol','any','any','any','any',NULL,'auto pistol mode'),(21,130,189,'pistol','any','any','any','any',NULL,'auto pistol mode'),(22,130,190,'pistol','any','any','any','any',NULL,'auto pistol mode'),(23,130,72,'any','any','scoped','any','any',NULL,'scoped'),(24,130,192,'pistol','any','any','any','any',NULL,'pistol mode'),(25,130,44,'any','any','any','ads','any',NULL,'when aiming down sights'),(26,130,55,'rifle','any','any','any','any',NULL,'rifle mode'),(27,130,57,'any','any','any','ads','any',NULL,'when aiming down sights'),(28,145,192,'pistol','any','any','any','any',NULL,'pistol mode'),(29,145,55,'rifle','any','any','any','any',NULL,'rifle mode'),(30,169,192,'pistol','any','any','any','any',NULL,'pistol mode'),(31,169,203,'pistol','any','any','any','any',NULL,'pistol mode'),(32,169,55,'rifle','any','any','any','any',NULL,'rifle mode'),(33,169,74,'rifle','any','any','any','any',NULL,'rifle mode'),(34,170,44,'pistol','any','any','any','any',NULL,'pistol mode'),(35,170,74,'rifle','any','any','any','any',NULL,'rifle mode'),(36,171,192,'pistol','any','any','any','any',NULL,'pistol mode'),(37,171,55,'rifle','any','any','any','any',NULL,'rifle mode'),(38,178,194,'pistol','any','any','any','any',NULL,'non-auto pistol mode'),(39,178,195,'pistol','any','any','any','any',NULL,'non-auto pistol mode'),(40,178,196,'pistol','any','any','any','any',NULL,'non-auto pistol mode'),(41,178,188,'pistol','any','any','any','any',NULL,'auto pistol mode'),(42,178,189,'pistol','any','any','any','any',NULL,'auto pistol mode'),(43,178,190,'pistol','any','any','any','any',NULL,'auto pistol mode'),(44,178,72,'any','any','scoped','any','any',NULL,'scoped'),(45,178,192,'pistol','any','any','any','any',NULL,'pistol mode'),(46,178,44,'any','any','any','ads','any',NULL,'when aiming down sights'),(47,178,55,'rifle','any','any','any','any',NULL,'rifle mode'),(48,178,57,'any','any','any','ads','any',NULL,'when aiming down sights'),(49,211,192,'pistol','any','any','any','any',NULL,'pistol mode'),(50,211,55,'rifle','any','any','any','any',NULL,'rifle mode'),(51,244,194,'pistol','any','any','any','any',NULL,'non-auto pistol mode'),(52,244,195,'pistol','any','any','any','any',NULL,'non-auto pistol mode'),(53,244,196,'pistol','any','any','any','any',NULL,'non-auto pistol mode'),(54,244,188,'pistol','any','any','any','any',NULL,'auto pistol mode'),(55,244,189,'pistol','any','any','any','any',NULL,'auto pistol mode'),(56,244,190,'pistol','any','any','any','any',NULL,'auto pistol mode'),(57,244,72,'any','any','scoped','any','any',NULL,'scoped'),(58,244,192,'pistol','any','any','any','any',NULL,'pistol mode'),(59,244,44,'any','any','any','ads','any',NULL,'when aiming down sights'),(60,244,55,'rifle','any','any','any','any',NULL,'rifle mode'),(61,244,57,'any','any','any','ads','any',NULL,'when aiming down sights'),(62,251,192,'pistol','any','any','any','any',NULL,'pistol mode'),(63,251,55,'rifle','any','any','any','any',NULL,'rifle mode');
/*!40000 ALTER TABLE `weapon_perk_rules` ENABLE KEYS */;
UNLOCK TABLES;

--
-- Table structure for table `weapon_perks`
--

DROP TABLE IF EXISTS `weapon_perks`;
/*!40101 SET @saved_cs_client     = @@character_set_client */;
/*!50503 SET character_set_client = utf8mb4 */;
CREATE TABLE `weapon_perks` (
  `weapon_id` int NOT NULL,
  `perk_id` int NOT NULL,
  PRIMARY KEY (`weapon_id`,`perk_id`),
  KEY `fk_wp_perk` (`perk_id`),
  CONSTRAINT `fk_wp_perk` FOREIGN KEY (`perk_id`) REFERENCES `perks` (`id`) ON DELETE CASCADE,
  CONSTRAINT `fk_wp_weapon` FOREIGN KEY (`weapon_id`) REFERENCES `weapons` (`id`) ON DELETE CASCADE
) ENGINE=InnoDB DEFAULT CHARSET=utf8mb4 COLLATE=utf8mb4_0900_ai_ci;
/*!40101 SET character_set_client = @saved_cs_client */;

--
-- Dumping data for table `weapon_perks`
--

LOCK TABLES `weapon_perks` WRITE;
/*!40000 ALTER TABLE `weapon_perks` DISABLE KEYS */;
INSERT INTO `weapon_perks` VALUES (3,1),(4,1),(7,1),(9,1),(12,1),(24,1),(51,1),(82,1),(94,1),(109,1),(119,1),(125,1),(130,1),(132,1),(133,1),(170,1),(178,1),(191,1),(192,1),(200,1),(215,1),(218,1),(220,1),(223,1),(237,1),(244,1),(247,1),(250,1),(8,15),(14,15),(16,15),(28,15),(31,15),(44,15),(45,15),(68,15),(81,15),(111,15),(114,15),(116,15),(151,15),(152,15),(159,15),(168,15),(174,15),(180,15),(182,15),(185,15),(203,15),(204,15),(206,15),(210,15),(214,15),(216,15),(222,15),(225,15),(233,15),(245,15),(249,15),(257,15),(260,15),(8,16),(13,16),(14,16),(16,16),(18,16),(19,16),(21,16),(25,16),(27,16),(28,16),(30,16),(31,16),(35,16),(36,16),(42,16),(43,16),(44,16),(45,16),(46,16),(50,16),(54,16),(56,16),(65,16),(66,16),(67,16),(68,16),(70,16),(71,16),(72,16),(75,16),(76,16),(81,16),(84,16),(89,16),(106,16),(111,16),(113,16),(114,16),(115,16),(116,16),(121,16),(129,16),(131,16),(137,16),(139,16),(141,16),(142,16),(144,16),(148,16),(151,16),(152,16),(153,16),(159,16),(168,16),(172,16),(174,16),(176,16),(180,16),(182,16),(183,16),(185,16),(195,16),(196,16),(197,16),(201,16),(203,16),(204,16),(205,16),(206,16),(207,16),(209,16),(210,16),(214,16),(216,16),(217,16),(222,16),(225,16),(228,16),(229,16),(232,16),(233,16),(238,16),(240,16),(245,16),(246,16),(248,16),(249,16),(255,16),(256,16),(257,16),(260,16),(19,17),(36,17),(70,17),(71,17),(76,17),(84,17),(106,17),(129,17),(141,17),(148,17),(183,17),(240,17),(246,17),(8,18),(14,18),(16,18),(28,18),(31,18),(44,18),(45,18),(68,18),(81,18),(89,18),(111,18),(114,18),(116,18),(151,18),(152,18),(159,18),(168,18),(174,18),(180,18),(182,18),(185,18),(203,18),(204,18),(206,18),(210,18),(214,18),(216,18),(222,18),(225,18),(233,18),(245,18),(249,18),(256,18),(257,18),(260,18),(123,19),(8,21),(13,21),(14,21),(16,21),(18,21),(19,21),(21,21),(25,21),(27,21),(28,21),(30,21),(31,21),(35,21),(36,21),(42,21),(43,21),(44,21),(45,21),(46,21),(50,21),(54,21),(56,21),(65,21),(66,21),(67,21),(68,21),(70,21),(71,21),(72,21),(75,21),(76,21),(81,21),(84,21),(89,21),(106,21),(111,21),(113,21),(114,21),(115,21),(116,21),(121,21),(129,21),(131,21),(137,21),(139,21),(140,21),(141,21),(142,21),(144,21),(148,21),(151,21),(152,21),(153,21),(159,21),(168,21),(172,21),(174,21),(176,21),(180,21),(182,21),(183,21),(185,21),(195,21),(196,21),(197,21),(201,21),(203,21),(204,21),(205,21),(206,21),(207,21),(209,21),(210,21),(214,21),(216,21),(217,21),(222,21),(225,21),(228,21),(229,21),(232,21),(233,21),(238,21),(240,21),(245,21),(246,21),(248,21),(249,21),(255,21),(256,21),(257,21),(260,21),(13,22),(18,22),(21,22),(25,22),(27,22),(30,22),(35,22),(42,22),(43,22),(46,22),(50,22),(54,22),(65,22),(66,22),(67,22),(72,22),(75,22),(113,22),(115,22),(121,22),(131,22),(137,22),(141,22),(142,22),(144,22),(153,22),(172,22),(176,22),(196,22),(197,22),(201,22),(205,22),(207,22),(209,22),(217,22),(228,22),(229,22),(232,22),(238,22),(248,22),(255,22),(15,23),(26,23),(32,23),(37,23),(39,23),(40,23),(61,23),(62,23),(69,23),(78,23),(79,23),(83,23),(87,23),(101,23),(118,23),(123,23),(138,23),(147,23),(157,23),(158,23),(163,23),(177,23),(179,23),(187,23),(189,23),(227,23),(231,23),(48,28),(49,28),(52,28),(74,28),(85,28),(110,28),(166,28),(188,28),(198,28),(230,28),(39,31),(140,31),(177,31),(189,31),(34,39),(55,39),(58,39),(6,44),(10,44),(22,44),(23,44),(60,44),(82,44),(86,44),(93,44),(102,44),(108,44),(130,44),(170,44),(173,44),(178,44),(208,44),(244,44),(254,44),(262,44),(32,54),(37,54),(40,54),(57,54),(64,54),(69,54),(78,54),(79,54),(87,54),(94,54),(95,54),(96,54),(97,54),(102,54),(107,54),(108,54),(109,54),(118,54),(123,54),(133,54),(147,54),(154,54),(163,54),(177,54),(219,54),(220,54),(227,54),(235,54),(250,54),(262,54),(4,55),(5,55),(7,55),(9,55),(12,55),(24,55),(38,55),(51,55),(82,55),(94,55),(109,55),(119,55),(125,55),(130,55),(132,55),(133,55),(135,55),(145,55),(154,55),(160,55),(167,55),(169,55),(170,55),(171,55),(178,55),(191,55),(192,55),(200,55),(211,55),(212,55),(215,55),(218,55),(220,55),(223,55),(226,55),(237,55),(244,55),(247,55),(250,55),(251,55),(261,55),(4,57),(5,57),(9,57),(24,57),(82,57),(130,57),(145,57),(154,57),(160,57),(167,57),(171,57),(178,57),(211,57),(215,57),(220,57),(223,57),(244,57),(250,57),(251,57),(34,58),(55,58),(58,58),(48,70),(49,70),(52,70),(74,70),(85,70),(110,70),(166,70),(188,70),(198,70),(230,70),(6,72),(130,72),(178,72),(244,72),(1,73),(3,73),(4,73),(5,73),(6,73),(7,73),(9,73),(10,73),(12,73),(22,73),(23,73),(24,73),(38,73),(47,73),(51,73),(60,73),(82,73),(86,73),(93,73),(94,73),(102,73),(108,73),(109,73),(119,73),(125,73),(127,73),(130,73),(132,73),(133,73),(135,73),(143,73),(145,73),(154,73),(160,73),(167,73),(169,73),(170,73),(171,73),(173,73),(178,73),(181,73),(191,73),(192,73),(199,73),(200,73),(208,73),(211,73),(212,73),(213,73),(215,73),(218,73),(220,73),(223,73),(224,73),(226,73),(234,73),(237,73),(244,73),(247,73),(250,73),(251,73),(254,73),(258,73),(261,73),(262,73),(4,74),(5,74),(7,74),(9,74),(12,74),(24,74),(38,74),(51,74),(82,74),(94,74),(109,74),(119,74),(125,74),(130,74),(132,74),(133,74),(135,74),(145,74),(154,74),(160,74),(167,74),(169,74),(170,74),(171,74),(178,74),(191,74),(192,74),(200,74),(211,74),(212,74),(215,74),(218,74),(220,74),(223,74),(226,74),(237,74),(244,74),(247,74),(250,74),(251,74),(261,74),(2,79),(15,79),(29,79),(32,79),(37,79),(40,79),(57,79),(61,79),(64,79),(69,79),(87,79),(88,79),(91,79),(103,79),(104,79),(105,79),(107,79),(120,79),(123,79),(124,79),(126,79),(134,79),(138,79),(146,79),(147,79),(157,79),(163,79),(166,79),(175,79),(193,79),(194,79),(219,79),(221,79),(227,79),(231,79),(243,79),(252,79),(29,119),(44,119),(76,119),(124,119),(190,119),(8,130),(13,130),(14,130),(16,130),(18,130),(19,130),(21,130),(25,130),(27,130),(28,130),(30,130),(31,130),(35,130),(36,130),(42,130),(43,130),(44,130),(45,130),(46,130),(50,130),(54,130),(56,130),(65,130),(66,130),(67,130),(68,130),(70,130),(71,130),(72,130),(75,130),(76,130),(81,130),(84,130),(89,130),(106,130),(111,130),(113,130),(114,130),(115,130),(116,130),(121,130),(129,130),(131,130),(137,130),(139,130),(141,130),(142,130),(144,130),(148,130),(151,130),(152,130),(153,130),(159,130),(168,130),(172,130),(174,130),(176,130),(180,130),(182,130),(183,130),(185,130),(196,130),(197,130),(201,130),(203,130),(204,130),(205,130),(206,130),(207,130),(209,130),(210,130),(214,130),(216,130),(217,130),(222,130),(225,130),(228,130),(229,130),(232,130),(233,130),(238,130),(240,130),(245,130),(246,130),(248,130),(249,130),(255,130),(256,130),(257,130),(260,130),(29,145),(124,145),(190,145),(219,145),(15,150),(26,150),(32,150),(37,150),(39,150),(40,150),(57,150),(61,150),(62,150),(64,150),(69,150),(78,150),(79,150),(87,150),(94,150),(101,150),(107,150),(109,150),(110,150),(118,150),(123,150),(138,150),(147,150),(157,150),(158,150),(163,150),(177,150),(179,150),(187,150),(189,150),(219,150),(224,150),(227,150),(230,150),(231,150),(235,150),(1,154),(4,154),(5,154),(6,154),(7,154),(9,154),(12,154),(15,154),(22,154),(23,154),(24,154),(29,154),(32,154),(34,154),(37,154),(38,154),(40,154),(48,154),(49,154),(51,154),(52,154),(55,154),(57,154),(58,154),(60,154),(61,154),(64,154),(69,154),(74,154),(82,154),(85,154),(86,154),(87,154),(91,154),(93,154),(94,154),(102,154),(103,154),(104,154),(107,154),(108,154),(109,154),(110,154),(119,154),(120,154),(123,154),(124,154),(125,154),(126,154),(127,154),(130,154),(132,154),(133,154),(134,154),(135,154),(138,154),(143,154),(145,154),(147,154),(154,154),(157,154),(160,154),(163,154),(166,154),(167,154),(170,154),(171,154),(173,154),(175,154),(178,154),(181,154),(188,154),(191,154),(192,154),(193,154),(198,154),(199,154),(200,154),(208,154),(211,154),(212,154),(213,154),(215,154),(218,154),(219,154),(220,154),(223,154),(224,154),(226,154),(227,154),(230,154),(231,154),(234,154),(237,154),(243,154),(244,154),(247,154),(250,154),(251,154),(252,154),(254,154),(258,154),(261,154),(262,154),(8,160),(13,160),(14,160),(16,160),(18,160),(19,160),(21,160),(25,160),(27,160),(28,160),(30,160),(31,160),(35,160),(36,160),(42,160),(43,160),(44,160),(45,160),(46,160),(50,160),(54,160),(56,160),(65,160),(66,160),(67,160),(68,160),(70,160),(71,160),(72,160),(75,160),(76,160),(81,160),(84,160),(89,160),(106,160),(111,160),(113,160),(114,160),(115,160),(116,160),(121,160),(129,160),(131,160),(137,160),(139,160),(141,160),(142,160),(144,160),(148,160),(151,160),(152,160),(153,160),(159,160),(168,160),(172,160),(174,160),(176,160),(180,160),(182,160),(183,160),(185,160),(196,160),(197,160),(201,160),(203,160),(204,160),(205,160),(206,160),(207,160),(209,160),(210,160),(214,160),(216,160),(217,160),(222,160),(225,160),(228,160),(229,160),(232,160),(233,160),(238,160),(240,160),(245,160),(246,160),(248,160),(249,160),(255,160),(256,160),(257,160),(260,160),(2,172),(15,172),(29,172),(32,172),(37,172),(40,172),(57,172),(61,172),(64,172),(69,172),(87,172),(88,172),(91,172),(103,172),(104,172),(105,172),(107,172),(120,172),(123,172),(124,172),(126,172),(134,172),(138,172),(146,172),(147,172),(157,172),(163,172),(166,172),(175,172),(193,172),(194,172),(219,172),(221,172),(227,172),(231,172),(243,172),(252,172),(1,181),(2,181),(3,181),(4,181),(5,181),(6,181),(7,181),(9,181),(10,181),(12,181),(15,181),(19,181),(22,181),(23,181),(24,181),(29,181),(32,181),(34,181),(36,181),(37,181),(38,181),(40,181),(47,181),(48,181),(49,181),(51,181),(52,181),(55,181),(57,181),(58,181),(60,181),(61,181),(64,181),(69,181),(70,181),(71,181),(74,181),(76,181),(82,181),(84,181),(85,181),(86,181),(87,181),(91,181),(93,181),(94,181),(102,181),(103,181),(104,181),(105,181),(106,181),(107,181),(108,181),(109,181),(110,181),(119,181),(120,181),(123,181),(124,181),(125,181),(126,181),(127,181),(129,181),(130,181),(132,181),(133,181),(134,181),(135,181),(138,181),(141,181),(143,181),(145,181),(146,181),(147,181),(148,181),(154,181),(157,181),(160,181),(163,181),(166,181),(167,181),(169,181),(170,181),(171,181),(173,181),(175,181),(178,181),(181,181),(188,181),(191,181),(192,181),(193,181),(198,181),(199,181),(200,181),(208,181),(211,181),(212,181),(213,181),(215,181),(218,181),(219,181),(220,181),(223,181),(224,181),(226,181),(227,181),(230,181),(231,181),(234,181),(235,181),(237,181),(240,181),(243,181),(244,181),(246,181),(247,181),(250,181),(251,181),(252,181),(254,181),(258,181),(261,181),(262,181),(48,184),(49,184),(52,184),(74,184),(85,184),(110,184),(166,184),(188,184),(198,184),(230,184),(5,188),(82,188),(130,188),(145,188),(178,188),(211,188),(244,188),(251,188),(82,189),(130,189),(178,189),(244,189),(82,190),(130,190),(178,190),(244,190),(1,192),(3,192),(5,192),(6,192),(10,192),(22,192),(23,192),(47,192),(60,192),(82,192),(86,192),(93,192),(102,192),(108,192),(127,192),(130,192),(143,192),(145,192),(169,192),(170,192),(171,192),(173,192),(178,192),(181,192),(199,192),(208,192),(211,192),(213,192),(224,192),(234,192),(244,192),(251,192),(254,192),(258,192),(262,192),(6,194),(82,194),(130,194),(178,194),(244,194),(6,195),(82,195),(130,195),(178,195),(244,195),(6,196),(82,196),(130,196),(178,196),(244,196),(34,202),(55,202),(58,202),(1,203),(3,203),(5,203),(6,203),(10,203),(22,203),(23,203),(47,203),(60,203),(82,203),(86,203),(93,203),(102,203),(108,203),(127,203),(130,203),(143,203),(145,203),(169,203),(170,203),(171,203),(173,203),(178,203),(181,203),(199,203),(208,203),(211,203),(213,203),(224,203),(234,203),(244,203),(251,203),(254,203),(258,203),(262,203),(8,205),(13,205),(14,205),(16,205),(18,205),(19,205),(21,205),(25,205),(27,205),(28,205),(30,205),(31,205),(35,205),(36,205),(42,205),(43,205),(44,205),(45,205),(46,205),(50,205),(54,205),(56,205),(65,205),(66,205),(67,205),(68,205),(70,205),(71,205),(72,205),(75,205),(76,205),(81,205),(84,205),(89,205),(106,205),(111,205),(113,205),(114,205),(115,205),(116,205),(121,205),(129,205),(131,205),(137,205),(139,205),(141,205),(142,205),(144,205),(148,205),(151,205),(152,205),(153,205),(159,205),(168,205),(172,205),(174,205),(176,205),(180,205),(182,205),(183,205),(185,205),(196,205),(197,205),(201,205),(203,205),(204,205),(205,205),(206,205),(207,205),(209,205),(210,205),(214,205),(216,205),(217,205),(222,205),(225,205),(228,205),(229,205),(232,205),(233,205),(238,205),(240,205),(245,205),(246,205),(248,205),(249,205),(255,205),(256,205),(257,205),(260,205),(1,206),(6,206),(10,206),(22,206),(23,206),(47,206),(60,206),(82,206),(86,206),(93,206),(102,206),(108,206),(127,206),(130,206),(143,206),(173,206),(178,206),(181,206),(199,206),(208,206),(213,206),(224,206),(234,206),(244,206),(254,206),(258,206),(262,206),(6,208),(130,208),(178,208),(244,208),(1,211),(2,211),(3,211),(4,211),(5,211),(6,211),(7,211),(8,211),(9,211),(10,211),(12,211),(13,211),(14,211),(15,211),(16,211),(18,211),(19,211),(21,211),(22,211),(23,211),(24,211),(25,211),(26,211),(27,211),(28,211),(29,211),(30,211),(31,211),(32,211),(34,211),(35,211),(36,211),(37,211),(38,211),(39,211),(40,211),(42,211),(43,211),(44,211),(45,211),(46,211),(47,211),(48,211),(49,211),(50,211),(51,211),(52,211),(54,211),(55,211),(57,211),(58,211),(60,211),(61,211),(62,211),(64,211),(65,211),(66,211),(67,211),(68,211),(69,211),(70,211),(71,211),(72,211),(74,211),(75,211),(76,211),(78,211),(79,211),(81,211),(82,211),(84,211),(85,211),(86,211),(87,211),(88,211),(89,211),(91,211),(93,211),(94,211),(101,211),(102,211),(103,211),(104,211),(105,211),(106,211),(107,211),(108,211),(109,211),(110,211),(111,211),(113,211),(114,211),(115,211),(116,211),(119,211),(120,211),(121,211),(123,211),(124,211),(125,211),(126,211),(127,211),(129,211),(130,211),(131,211),(132,211),(133,211),(134,211),(135,211),(137,211),(138,211),(139,211),(140,211),(141,211),(142,211),(143,211),(144,211),(145,211),(146,211),(147,211),(148,211),(151,211),(152,211),(153,211),(154,211),(157,211),(158,211),(159,211),(160,211),(163,211),(166,211),(167,211),(168,211),(169,211),(170,211),(171,211),(172,211),(173,211),(174,211),(175,211),(176,211),(178,211),(179,211),(180,211),(181,211),(182,211),(183,211),(185,211),(187,211),(188,211),(189,211),(190,211),(191,211),(192,211),(193,211),(194,211),(195,211),(196,211),(197,211),(198,211),(199,211),(200,211),(201,211),(203,211),(204,211),(205,211),(206,211),(207,211),(208,211),(209,211),(210,211),(211,211),(212,211),(213,211),(214,211),(215,211),(216,211),(217,211),(218,211),(219,211),(220,211),(221,211),(222,211),(223,211),(224,211),(225,211),(226,211),(227,211),(228,211),(229,211),(230,211),(231,211),(232,211),(233,211),(234,211),(235,211),(237,211),(238,211),(240,211),(243,211),(244,211),(245,211),(246,211),(247,211),(248,211),(249,211),(250,211),(251,211),(252,211),(254,211),(255,211),(256,211),(257,211),(258,211),(260,211),(261,211),(262,211),(2,230),(15,230),(29,230),(32,230),(37,230),(40,230),(57,230),(61,230),(64,230),(69,230),(87,230),(88,230),(91,230),(103,230),(104,230),(105,230),(107,230),(120,230),(123,230),(124,230),(126,230),(134,230),(138,230),(146,230),(147,230),(157,230),(163,230),(166,230),(175,230),(193,230),(194,230),(219,230),(221,230),(227,230),(231,230),(243,230),(252,230),(1,233),(4,233),(5,233),(6,233),(7,233),(9,233),(12,233),(15,233),(22,233),(23,233),(24,233),(32,233),(34,233),(37,233),(38,233),(40,233),(48,233),(49,233),(51,233),(52,233),(58,233),(61,233),(69,233),(74,233),(82,233),(85,233),(86,233),(87,233),(93,233),(94,233),(102,233),(103,233),(104,233),(108,233),(109,233),(110,233),(119,233),(120,233),(125,233),(126,233),(130,233),(132,233),(133,233),(134,233),(135,233),(138,233),(143,233),(145,233),(147,233),(157,233),(160,233),(163,233),(166,233),(167,233),(169,233),(171,233),(173,233),(178,233),(188,233),(191,233),(192,233),(193,233),(198,233),(200,233),(208,233),(211,233),(212,233),(213,233),(215,233),(219,233),(224,233),(226,233),(227,233),(230,233),(231,233),(234,233),(237,233),(243,233),(244,233),(247,233),(251,233),(252,233),(254,233),(258,233),(261,233),(262,233);
/*!40000 ALTER TABLE `weapon_perks` ENABLE KEYS */;
UNLOCK TABLES;

--
-- Table structure for table `weapons`
--

DROP TABLE IF EXISTS `weapons`;
/*!40101 SET @saved_cs_client     = @@character_set_client */;
/*!50503 SET character_set_client = utf8mb4 */;
CREATE TABLE `weapons` (
  `id` int NOT NULL AUTO_INCREMENT,
  `name` varchar(255) NOT NULL,
  `type` varchar(64) DEFAULT NULL,
  `class` varchar(64) DEFAULT NULL,
  `level` varchar(64) DEFAULT NULL,
  `damage` varchar(255) DEFAULT NULL,
  `perks_raw` text,
  `source_url` text,
  PRIMARY KEY (`id`),
  UNIQUE KEY `uq_weapon_name` (`name`),
  KEY `idx_weapons_type` (`type`),
  KEY `idx_weapons_class` (`class`)
) ENGINE=InnoDB AUTO_INCREMENT=263 DEFAULT CHARSET=utf8mb4 COLLATE=utf8mb4_0900_ai_ci;
/*!40101 SET character_set_client = @saved_cs_client */;

--
-- Dumping data for table `weapons`
--

LOCK TABLES `weapons` WRITE;
/*!40000 ALTER TABLE `weapons` DISABLE KEYS */;
INSERT INTO `weapons` VALUES (1,'.44 pistol','Ranged','Non-automatic pistol','5 / 15 / 25 / 35 / 45','61 / 78 / 99 / 127 / 161','Bloody Mess; Follow Through; Far-Flung Fireworks; Covert Operative; Tank Killer; Packin\' Light; Gunsmith; Gun Runner; Modern Renegade; Quick Hands; Expert, Master: Gunslinger; scoped: Sniper; sighted: Crack Shot','https://fallout.fandom.com/wiki/.44_pistol_(Fallout_76)'),(2,'.50 cal machine gun','Ranged','Automatic heavy gun','25 / 35 / 45','32 / 41 / 52','Bloody Mess; Follow Through; Far-Flung Fireworks; Covert Operative; Stabilized; Bullet Shield; One Gun Army','https://fallout.fandom.com/wiki/.50_cal_machine_gun'),(3,'10mm pistol','Ranged','Pistol','1 / 5 (legacy) / 15 / 25 / 35 / 45','26 / 37 / 47 / 61 / 77','Bloody Mess; Follow Through; Far-Flung Fireworks; Covert Operative; Tank Killer; Arms Keeper; Gun Runner; Modern Renegade; scoped only: Sniper; sighted only: Crack Shot; suppressor only: Mister Sandman','https://fallout.fandom.com/wiki/10mm_pistol_(Fallout_76)'),(4,'10mm submachine gun','Ranged','Automatic Rifle','10 / 20 / 30 / 40 / 50','22 / 29 /36 / 46 / 59','Bloody Mess; Follow Through; Far-Flung Fireworks; Covert Operative; Tank Killer; Arms Keeper; Gunsmith; Ground Pounder; Quick Hands; Tormentor; Long Shot','https://fallout.fandom.com/wiki/10mm_SMG_(Fallout_76)'),(5,'Acceptable Overkill','Ranged','Pistol/Rifle','45','40','Bloody Mess; Follow Through; Far-Flung Fireworks; Covert Operative; Tank Killer; Gunsmith; Quick Hands; Modern Renegade; Tormentor; Expert, Master: Gunslinger, Guerrilla; Pistol: Gun Runner; Rifle: Ground Pounder; pistol only: Packin\' Light; scoped only: Sniper; sighted only: Crack Shot, Long Shot','https://fallout.fandom.com/wiki/Acceptable_Overkill'),(6,'Alien blaster','Ranged','Non-automatic pistol','20 / 30 / 40 / 50','35 / 45 / 57 / 72','Bloody Mess; Gunslinger (Expert, Master); Cryo/Poison mag: Demolition Expert; Follow Through; Far-Flung Fireworks; Sneak; Covert Operative; Tank Killer; Packin\' Light; Gunsmith; Gun Runner; Modern Renegade; Quick Hands; Crack Shot (sighted only); Sniper (scoped only)','https://fallout.fandom.com/wiki/Alien_blaster_(Fallout_76)'),(7,'Alien disintegrator','Ranged','Rifle','20 / 30 / 40 / 50','38 / 49 / 62 / 80','Bloody Mess; Far-Flung Fireworks; Follow Through; Covert Operative; Tank Killer; Arms Keeper; Ground Pounder; Gunsmith; Tormentor; Quick Hands','https://fallout.fandom.com/wiki/Alien_disintegrator_(Fallout_76)'),(8,'All Rise','Melee','Two-Handed','30 / 40 / 50','65 / 75 / 85 +5%  STR','STR; Knee-Capper; Heavy Hitter; Bloody Mess; Collateral Damage; Hack and Slash; Retribution; Ninja; Incisor; Martial Artist; Makeshift Warrior; Martial Artist; Overly Generous; Knee-Capper, Heavy Hitter: Slugger','https://fallout.fandom.com/wiki/All_Rise'),(9,'Anchorage Ace','Ranged','Automatic rifle','10 / 20 / 30 / 40 / 50','17 / 19 /23 / 28 / 34','Bloody Mess; Follow Through; Far-Flung Fireworks; Covert Operative; Tank Killer; Arms Keeper; Gunsmith; Ground Pounder; Quick Hands; Tormentor; Long Shot','https://fallout.fandom.com/wiki/Anchorage_Ace'),(10,'Anti-Scorched training pistol','Ranged','Automatic pistol','5 / 15 / 25 / 35 / 45','15 / 18 / 21 / 24 / 28','Bloody Mess; Follow Through; Far-Flung Fireworks; Covert Operative; Tank Killer; Packin\' Light; Gun Runner; Modern Renegade; Crack Shot; Expert,Master: Guerrilla','https://fallout.fandom.com/wiki/Anti-Scorched_training_pistol'),(11,'Artillery smoke grenade','Grenade',NULL,NULL,NULL,NULL,'https://fallout.fandom.com/wiki/Artillery_smoke_grenade_(Fallout_76)'),(12,'Assault rifle','Ranged','Rifle','30 / 40 / 50','69 / 88 / 112','Bloody Mess; Follow Through; Far-Flung Fireworks; Covert Operative; Tank Killer; Arms Keeper; Gunsmith; Ground Pounder; Quick Hands; Tormentor; scoped only: Sniper; sighted only: Long Shot; suppressor only: Mister Sandman','https://fallout.fandom.com/wiki/Assault_rifle_(Fallout_76)'),(13,'Assaultron blade','Melee','One-Handed','25 / 35 / 45','95 / 120 / 160.3 80 / 107 / 134 per 10s +5%  STR','STR; Natural Stance; Bloody Mess; Collateral Damage; Hack and Slash; Retribution; Ninja; Incisor; Martial Artist; Makeshift Warrior; Martial Artist; Overly Generous','https://fallout.fandom.com/wiki/Assaultron_blade_(Fallout_76)'),(14,'Auto axe','Melee','Two-Handed','20 / 25 / 30 / 35 / 40 / 45 / 50','21 / 24 / 27 / 29 / 33 / 39 / 43 +5% per STR','STR; Knee-Capper; Heavy Hitter; Bloody Mess; Collateral Damage; Hack and Slash; Retribution; Ninja; Incisor; Martial Artist; Makeshift Warrior; Martial Artist; Overly Generous; Knee-Capper, Heavy Hitter: Slugger','https://fallout.fandom.com/wiki/Auto_axe_(Fallout_76)'),(15,'Auto grenade launcher','Ranged','Explosive heavy gun','40 / 50','194 / 247','Demolition Expert; Bloody Mess; Follow Through; Far-Flung Fireworks; Covert Operative; [1]; Stabilized; Ordnance Express; Bullet Shield; Gunsmith; One Gun Army; Quick Hands','https://fallout.fandom.com/wiki/Auto_grenade_launcher'),(16,'Baseball bat','Melee','Two-Handed','1 / 5 / 15 / 25 / 35 / 45','83 / 92 / 118 / 150 / 191 / 243 +5%  STR','STR; Knee-Capper; Heavy Hitter; Bloody Mess; Collateral Damage; Hack and Slash; Retribution; Ninja; Incisor; Martial Artist; Makeshift Warrior; Martial Artist; Overly Generous; Knee-Capper, Heavy Hitter: Slugger','https://fallout.fandom.com/wiki/Baseball_bat_(Fallout_76)'),(17,'Baseball grenade','Grenade',NULL,NULL,'175',NULL,'https://fallout.fandom.com/wiki/Baseball_grenade_(Fallout_76)'),(18,'Baton','Melee','One-handed','5 / 15 / 25 / 35 / 45','59 / 75 / 95 / 120 / 154 +5%  STR','STR; Natural Stance; Bloody Mess; Collateral Damage; Hack and Slash; Retribution; Ninja; Incisor; Martial Artist; Makeshift Warrior; Martial Artist; Overly Generous','https://fallout.fandom.com/wiki/Baton_(Fallout_76)'),(19,'Bear Arm','Melee','Unarmed','20 / 30 / 40 / 50','111 / 142 / 181 / 229 +10%  STR','STR; Iron Fist; Bloody Mess; Collateral Damage; Exploding Palm; Hack and Slash; Retribution; Covert Operative; Ninja; Incisor; Martial Artist; Makeshift Warrior; Martial Artist; Overly Generous','https://fallout.fandom.com/wiki/Bear_Arm'),(20,'Binoculars',NULL,NULL,'1','8',NULL,'https://fallout.fandom.com/wiki/Binoculars_(Fallout_76)'),(21,'Black Diamond','Melee','One-Handed','15 / 25 / 35 / 45','35 / 40 / 45 / 50 +5%  STR','STR; Natural Stance; Bloody Mess; Collateral Damage; Hack and Slash; Retribution; Ninja; Incisor; Martial Artist; Makeshift Warrior; Martial Artist; Overly Generous','https://fallout.fandom.com/wiki/Black_Diamond'),(22,'Black powder blunderbuss','Ranged','Non-automatic pistol','10 / 20 / 30 / 40 / 50','115 / 130 / 145 / 160 / 175','Bloody Mess; Follow Through; Far-Flung Fireworks; Covert Operative; Tank Killer; Packin\' Light; Gunsmith; Gun Runner; Modern Renegade; Quick Hands; Crack Shot; Expert, Master: Gunslinger','https://fallout.fandom.com/wiki/Black_powder_blunderbuss'),(23,'Black powder pistol','Ranged','Non-automatic pistol','10 / 20 / 30 / 40 / 50','285 / 363 / 462 / 589 / 751','Bloody Mess; Follow Through; Far-Flung Fireworks; Covert Operative; Tank Killer; Packin\' Light; Gunsmith; Gun Runner; Modern Renegade; Quick Hands; Crack Shot; Expert, Master: Gunslinger','https://fallout.fandom.com/wiki/Black_powder_pistol'),(24,'Black powder rifle','Ranged','Non-automatic rifle','15 / 25 / 35 / 45','414 / 528 / 673 / 857','Bloody Mess; Follow Through; Far-Flung Fireworks; Covert Operative; Tank Killer; Arms Keeper; Gunsmith; Ground Pounder; Quick Hands; Tormentor; Long Shot','https://fallout.fandom.com/wiki/Black_powder_rifle'),(25,'Blade of Bastet','Melee','One-Handed','25 / 35 / 45','116 / 148 / 190 144 / 193 / 241 per 12s +5%  STR','STR; Natural Stance; Bloody Mess; Collateral Damage; Hack and Slash; Retribution; Ninja; Incisor; Martial Artist; Makeshift Warrior; Martial Artist; Overly Generous','https://fallout.fandom.com/wiki/Blade_of_Bastet'),(26,'Blast mine','Mine',NULL,NULL,'225 10','Demolition Expert; Bloody Mess; Ordnance Express','https://fallout.fandom.com/wiki/Blast_mine'),(27,'Blue Ridge branding iron','Melee','One-Handed','35/45','? / ? ? / ? +5%  STR','STR; Natural Stance; Bloody Mess; Collateral Damage; Hack and Slash; Retribution; Ninja; Incisor; Martial Artist; Makeshift Warrior; Martial Artist; Overly Generous','https://fallout.fandom.com/wiki/Blue_Ridge_branding_iron'),(28,'Board','Melee','Two-Handed','1 / 5 / 15 / 25 / 35 / 45','68 / 76 / 98 / 124 / 159 / 203 +5%  STR','STR; Knee-Capper; Heavy Hitter; Bloody Mess; Collateral Damage; Hack and Slash; Retribution; Ninja; Incisor; Martial Artist; Makeshift Warrior; Martial Artist; Overly Generous; Knee-Capper, Heavy Hitter: Slugger','https://fallout.fandom.com/wiki/Board_(Fallout_76)'),(29,'Boiling Point','Ranged','Heavy Gun','30 / 40 / 50','26 / 33 / 42','Bloody Mess; Follow Through; Far-Flung Fireworks; Covert Operative; Stabilized; Batteries Included; Bullet Shield; Gunsmith; One Gun Army; Friendly Fire','https://fallout.fandom.com/wiki/Boiling_Point'),(30,'Bone club','Melee','One-Handed','15 / 25 / 35 / 45','21 / 31 / 41 / 51 +5%  STR','STR; Natural Stance; Bloody Mess; Collateral Damage; Hack and Slash; Retribution; Ninja; Incisor; Martial Artist; Makeshift Warrior; Martial Artist; Overly Generous','https://fallout.fandom.com/wiki/Bone_club'),(31,'Bone hammer','Melee','Two-Handed','15 / 25 / 35 / 45','50 / 60 / 70 / 80 +5%  STR','STR; Knee-Capper; Heavy Hitter; Bloody Mess; Collateral Damage; Hack and Slash; Retribution; Ninja; Incisor; Martial Artist; Makeshift Warrior; Martial Artist; Overly Generous; Knee-Capper, Heavy Hitter: Slugger','https://fallout.fandom.com/wiki/Bone_hammer'),(32,'Boomstick','Ranged','Explosive heavy gun','20 / 30 / 40 / 50','3 x2','Demolition Expert; Bloody Mess; Follow Through; Far-Flung Fireworks; Covert Operative; [Note 1]; Stabilized; Ordnance Express; Bullet Shield; Grenadier; Gunsmith; One Gun Army; Quick Hands','https://fallout.fandom.com/wiki/Boomstick'),(33,'Bottlecap mine','Mine',NULL,NULL,NULL,NULL,'https://fallout.fandom.com/wiki/Bottlecap_mine_(Fallout_76)'),(34,'Bow','Ranged','Bow','1 / 5 / 10 / 15 / 20 / 25 / 30 / 35 / 40 / 45 / 50','90 / 101 / 114 / 129 / 147 / 165 / 186 / 211 / 237 / 268 / 303','Master Archer; Bloody Mess; Follow Through; Far-Flung Fireworks; Covert Operative; Mister Sandman; Bow Before Me; Gunsmith; Quick Hands; Master Archer: Hat Trick; optional: Grenadier','https://fallout.fandom.com/wiki/Bow_(Wastelanders)'),(35,'Bowie knife','Melee','One-Handed','5 / 15 / 25 / 35 / 45','39 / 49 / 63 / 82 / 103 +5%  STR','STR; Natural Stance; Bloody Mess; Collateral Damage; Hack and Slash; Retribution; Ninja; Incisor; Martial Artist; Makeshift Warrior; Martial Artist; Overly Generous','https://fallout.fandom.com/wiki/Bowie_knife_(Fallout_76)'),(36,'Boxing glove','Melee','Unarmed','5 / 15 / 25 / 35 / 45','68 / 87 / 110 / 140 / 178 +10%  STR','STR; Iron Fist; Bloody Mess; Collateral Damage; Exploding Palm; Hack and Slash; Retribution; Covert Operative; Ninja; Incisor; Martial Artist; Makeshift Warrior; Martial Artist; Overly Generous','https://fallout.fandom.com/wiki/Boxing_glove_(Fallout_76)'),(37,'Broadsider','Ranged','Explosive heavy gun','25 / 35 / 45','428 / 545 / 693','Demolition Expert; Bloody Mess; Follow Through; Far-Flung Fireworks; Covert Operative; Stabilized; Ordnance Express; Bullet Shield; Grenadier; Gunsmith; One Gun Army; Quick Hands','https://fallout.fandom.com/wiki/Broadsider_(Fallout_76)'),(38,'Brotherhood recon rifle','Ranged','Non-automatic rifle','1 / 5 / 10 / 20 / 30 / 40 / 50','138 / 154 / 173 / 221 / 280 / 358 / 456','Bloody Mess; Follow Through; Far-Flung Fireworks; Covert Operative; Tank Killer; Gunsmith; Ground Pounder; Quick Hands; Tormentor; scoped only: Sniper; sighted only: Long Shot; suppressor only: Mister Sandman','https://fallout.fandom.com/wiki/Brotherhood_recon_rifle'),(39,'Bug grenade','Grenade',NULL,NULL,'25 (?s)','Demolition Expert; Bloody Mess; Ordnance Express; Strong Arm','https://fallout.fandom.com/wiki/Bug_grenade'),(40,'Bunker Buster','Ranged','Explosive heavy gun','20 / 30 / 40 / 50','126 / 150 / 174 / 186','Demolition Expert; Bloody Mess; Follow Through; Far-Flung Fireworks; Covert Operative; [Note 1]; Stabilized; Ordnance Express; Bullet Shield; Grenadier; Gunsmith; One Gun Army; Quick Hands','https://fallout.fandom.com/wiki/Bunker_Buster_(weapon)'),(41,'Burning Love','Ranged','Bow','1 / 5 / 10 / 15 / 20 / 25 / 30 / 35 / 40 / 45 / 50',NULL,NULL,'https://fallout.fandom.com/wiki/Burning_Love'),(42,'Camden Whacker','Melee','One-Handed','1','5 +5%  STR','STR; Natural Stance; Bloody Mess; Collateral Damage; Hack and Slash; Retribution; Ninja; Incisor; Martial Artist; Makeshift Warrior; Martial Artist; Overly Generous','https://fallout.fandom.com/wiki/Camden_Whacker'),(43,'Cattleprod','Melee','One-Handed','5 / 10 / 15 / 20 / 25 / 30 / 35 / 40 / 45 / 50','63 / 71 / 80 / 90 / 102 / 115 / 130 / 147 / 166 / 187 48 / 53 / 62 / 68 / 77 / 87 / 99 / 113 / 127 / 144 +5%  STR','STR; Natural Stance; Bloody Mess; Collateral Damage; Hack and Slash; Retribution; Ninja; Incisor; Martial Artist; Makeshift Warrior; Martial Artist; Overly Generous','https://fallout.fandom.com/wiki/Cattleprod_(Wastelanders)'),(44,'Cauterizer','Melee','Two-Handed','20 / 30 / 40 / 50','6 / 8 / 10 / 12 +5% per STR 5 / 5 / 6 / 7 +5% per STR','STR; STR; Knee-Capper; Heavy Hitter; Bloody Mess; Collateral Damage; Hack and Slash; Retribution; Ninja; Incisor; Martial Artist; Makeshift Warrior; Martial Artist; Overly Generous; Friendly Fire; Knee-Capper, Heavy Hitter: Slugger','https://fallout.fandom.com/wiki/Cauterizer_(Fallout_76)'),(45,'Chainsaw','Melee','Two-Handed','20 / 25 / 30 / 35 / 40 / 45 / 50','10 / 12 / 12 / 14 / 14 / 16 / 16 +5% per STR','STR; Knee-Capper; Heavy Hitter; Bloody Mess; Collateral Damage; Hack and Slash; Retribution; Ninja; Incisor; Martial Artist; Makeshift Warrior; Martial Artist; Overly Generous; Knee-Capper, Heavy Hitter: Slugger','https://fallout.fandom.com/wiki/Chainsaw_(Fallout_76)'),(46,'Chinese officer sword','Melee','One-Handed','5 / 15 / 25 / 35 / 45','72 / 92 / 116 / 148 / 190 96 / 112 / 144 / 193 / 241 per 12s +5%  STR','STR; Natural Stance; Bloody Mess; Collateral Damage; Hack and Slash; Retribution; Ninja; Incisor; Martial Artist; Makeshift Warrior; Martial Artist; Overly Generous','https://fallout.fandom.com/wiki/Chinese_officer_sword_(Fallout_76)'),(47,'Circuit Breaker','Ranged','Non-automatic pistol','10 / 20 / 30 / 40 / 50','24 / 28 / 32 / 36 / 40','Bloody Mess; Follow Through; Far-Flung Fireworks; Covert Operative; Tank Killer; Packin\' Light; Gun Runner; Modern Renegade; Expert, Master: Gunslinger; sighted only: Crack Shot','https://fallout.fandom.com/wiki/Circuit_Breaker'),(48,'Civil Unrest','Ranged','Shotgun','5 / 15 / 25 / 35 / 45','55 / 65 / 75 / 85 / 95','Bloody Mess; Follow Through; Far-Flung Fireworks; Covert Operative; Scattershot; Gunsmith; Enforcer; Scattershot; Skeet Shooter; Quick Hands; suppressor only: Mister Sandman','https://fallout.fandom.com/wiki/Civil_Unrest'),(49,'Cold Shoulder','Ranged','Shotgun','15 / 25 / 35 / 45','80 / 90 / 100 / 115 75','Bloody Mess; Follow Through; Far-Flung Fireworks; Covert Operative; Scattershot; Gunsmith; Enforcer; Scattershot; Skeet Shooter; Quick Hands','https://fallout.fandom.com/wiki/Cold_Shoulder'),(50,'Combat knife','Melee','One-handed','1 / 5 / 10 / 20 / 30 / 40 / 50','35 / 39 / 44 / 56 / 72 / 91 / 116 +5%  STR','STR; Natural Stance; Bloody Mess; Collateral Damage; Hack and Slash; Retribution; Ninja; Incisor; Martial Artist; Makeshift Warrior; Martial Artist; Overly Generous','https://fallout.fandom.com/wiki/Combat_knife_(Fallout_76)'),(51,'Combat rifle','Ranged','Rifle','20 / 30 / 40 / 50','46 / 58 / 75 / 95','Bloody Mess; Follow Through; Far-Flung Fireworks; Covert Operative; Tank Killer; Arms Keeper; Gunsmith; Ground Pounder; Quick Hands; Tormentor; scoped only: Sniper; sighted only: Long Shot; suppressor only: Mister Sandman','https://fallout.fandom.com/wiki/Combat_rifle_(Fallout_76)'),(52,'Combat shotgun','Ranged','Shotgun','20 / 30 / 40 / 50','96 / 128 / 160 / 208','Bloody Mess; Follow Through; Far-Flung Fireworks; Covert Operative; Scattershot; Gunsmith; Enforcer; Scattershot; Skeet Shooter; Quick Hands; suppressor only: Mister Sandman','https://fallout.fandom.com/wiki/Combat_shotgun_(Fallout_76)'),(53,'Commander\'s Charge','Melee','One-handed','50','46 20',NULL,'https://fallout.fandom.com/wiki/Commander%27s_Charge'),(54,'Commie Whacker','Melee','One-Handed','1','5 +5%  STR','STR; Natural Stance; Bloody Mess; Collateral Damage; Hack and Slash; Retribution; Ninja; Incisor; Martial Artist; Makeshift Warrior; Martial Artist; Overly Generous','https://fallout.fandom.com/wiki/Commie_Whacker_(Fallout_76)'),(55,'Compound bow','Ranged','Bow','10 / 15 / 20 / 25 / 30 / 35 / 40 / 45 / 50','129 / 146 / 165 / 186 / 210 / 237 / 267 / 302 / 342','Master Archer; Bloody Mess; Follow Through; Far-Flung Fireworks; Covert Operative; Mister Sandman; Bow Before Me; Gunsmith; Master Archer: Hat Trick; optional: Grenadier','https://fallout.fandom.com/wiki/Compound_bow_(Wastelanders)'),(56,'Cosmic knife','Melee','One-Handed','1 / 5 / 10 / 20 / 30 / 40 / 50','35 / 39 / 45 / 57 / 73 / 92 / 117 [ 1 ] +5%  STR','[1]; STR; Collateral Damage; Hack and Slash; Retribution; Ninja; Incisor; Martial Artist; Makeshift Warrior; Martial Artist; Overly Generous','https://fallout.fandom.com/wiki/Cosmic_knife_(Fallout_76)'),(57,'Cremator','Ranged','Heavy gun','30 / 40 / 50','106 / 135 / 172','Demolition Expert; Bloody Mess; Follow Through; Far-Flung Fireworks; Covert Operative; Stabilized; Bullet Shield; Gunsmith; One Gun Army; Grenadier','https://fallout.fandom.com/wiki/Cremator'),(58,'Crossbow','Ranged','Bow','15 / 25 / 35 / 45','190 /242 / 309 / 395','Master Archer; Bloody Mess; Follow Through; Far-Flung Fireworks; Covert Operative; Mister Sandman; Bow Before Me; Gunsmith; Quick Hands; Master Archer: Hat Trick; optional: Grenadier','https://fallout.fandom.com/wiki/Crossbow_(Fallout_76)'),(59,'Crowd Control','Ranged','Shotgun','20 / 30 / 40 / 50',NULL,NULL,'https://fallout.fandom.com/wiki/Crowd_Control'),(60,'Crusader pistol','Ranged','Non-automatic pistol','30 / 35 / 40 / 45 / 50','49 / 55 / 62 / 71 / 80','Bloody Mess; Far-Flung Fireworks; Follow Through; Covert Operative; Tank Killer; Packin\' Light; Crack Shot; Gun Runner; Gunsmith; Modern Renegade; Expert, Master: Gunslinger; suppressed only: Mister Sandman','https://fallout.fandom.com/wiki/Crusader_pistol'),(61,'Crushing Blow','Ranged','Explosive heavy gun','45','3','Demolition Expert; Bloody Mess; Follow Through; Far-Flung Fireworks; Covert Operative; [1]; Stabilized; Ordnance Express; Bullet Shield; Gunsmith; One Gun Army; Quick Hands','https://fallout.fandom.com/wiki/Crushing_Blow'),(62,'Cryo mine','Mine',NULL,NULL,'175','Demolition Expert; Bloody Mess; Ordnance Express','https://fallout.fandom.com/wiki/Cryo_mine_(Fallout_76)'),(63,'Cryogenic grenade','Grenade',NULL,NULL,'100',NULL,'https://fallout.fandom.com/wiki/Cryogenic_grenade_(Fallout_76)'),(64,'Cryolator','Ranged','Heavy gun','25 / 35 / 45','32 / 41 / 52','Bloody Mess; Demolition Expert; Follow Through; Far-Flung Fireworks; Covert Operative; Stabilized; Bullet Shield; Gunsmith; One Gun Army; Grenadier','https://fallout.fandom.com/wiki/Cryolator_(Fallout_76)'),(65,'Cryptid jawbone knife','Melee','One-Handed','1 / 5 / 10 / 20 / 30 / 40 / 50','9 / 13 / 17 / 21 / 25 / 29 / 33 +5%  STR','STR; Natural Stance; Bloody Mess; Collateral Damage; Hack and Slash; Retribution; Ninja; Incisor; Martial Artist; Makeshift Warrior; Martial Artist; Overly Generous','https://fallout.fandom.com/wiki/Cryptid_jawbone_knife'),(66,'Cultist blade','Melee','One-Handed','10 / 20 / 30 / 40 / 50','76 / 96 /123 / 158 / 201 67 / 94 / 120 / 147/ 187 per 10s +5%  STR','STR; Natural Stance; Bloody Mess; Collateral Damage; Hack and Slash; Retribution; Ninja; Incisor; Martial Artist; Makeshift Warrior; Martial Artist; Overly Generous','https://fallout.fandom.com/wiki/Cultist_blade'),(67,'Cultist dagger','Melee','One-Handed','15 / 25 / 35 / 45','55 / 70 / 88 / 112 +5%  STR','STR; Natural Stance; Bloody Mess; Collateral Damage; Hack and Slash; Retribution; Ninja; Incisor; Martial Artist; Makeshift Warrior; Martial Artist; Overly Generous','https://fallout.fandom.com/wiki/Cultist_dagger'),(68,'Cultist Piercer','Melee','Two-Handed','5 / 15 / 25 / 35 / 45','28 / 47 / 55 / 63 / 69 +5%  STR','STR; Knee-Capper; Heavy Hitter; Bloody Mess; Collateral Damage; Hack and Slash; Retribution; Ninja; Incisor; Martial Artist; Makeshift Warrior; Martial Artist; Overly Generous; Knee-Capper, Heavy Hitter: Slugger','https://fallout.fandom.com/wiki/Cultist_Piercer'),(69,'Daisycutter','Ranged','Explosive heavy gun','25 / 35 / 45','1','Demolition Expert; Bloody Mess; Follow Through; Far-Flung Fireworks; Covert Operative; Stabilized; Ordnance Express; Bullet Shield; Grenadier; Gunsmith; One Gun Army; Quick Hands','https://fallout.fandom.com/wiki/Daisycutter'),(70,'Death tambo','Melee','Unarmed','15 / 25 / 35 / 45','93 / 118 / 150 / 191 +10%  STR','STR; Iron Fist; Bloody Mess; Collateral Damage; Exploding Palm; Hack and Slash; Retribution; Covert Operative; Ninja; Incisor; Martial Artist; Makeshift Warrior; Martial Artist; Overly Generous','https://fallout.fandom.com/wiki/Death_tambo'),(71,'Deathclaw gauntlet','Melee','Unarmed, One-handed','30 / 40 / 50','161 / 205 / 261 +10%  STR','STR; Iron Fist; Bloody Mess; Collateral Damage; Exploding Palm; Hack and Slash; Retribution; Covert Operative; Ninja; Incisor; Martial Artist; Makeshift Warrior; Martial Artist; Overly Generous','https://fallout.fandom.com/wiki/Deathclaw_gauntlet_(Fallout_76)'),(72,'Disorderly Conduct','Melee','One-Handed','45','40 +5%  STR','STR; Natural Stance; Bloody Mess; Collateral Damage; Hack and Slash; Retribution; Ninja; Incisor; Martial Artist; Makeshift Warrior; Martial Artist; Overly Generous','https://fallout.fandom.com/wiki/Disorderly_Conduct'),(73,'Doctor\'s Orders','Ranged','Non-automatic rifle',NULL,NULL,NULL,'https://fallout.fandom.com/wiki/Doctor%27s_Orders'),(74,'Double-barrel shotgun','Ranged','Shotgun','15 / 25 / 35 / 45','128 / 160 / 208 / 264','Bloody Mess; Follow Through; Far-Flung Fireworks; Covert Operative; Scattershot; Gunsmith; Enforcer; Scattershot; Skeet Shooter; Quick Hands','https://fallout.fandom.com/wiki/Double-barrel_shotgun_(Fallout_76)'),(75,'Drill','Melee','One-Handed','20 / 30 / 40 / 50','12 / 14 / 16 / 18 +5%  STR','STR; Natural Stance; Bloody Mess; Collateral Damage; Hack and Slash; Retribution; Ninja; Incisor; Martial Artist; Makeshift Warrior; Martial Artist; Overly Generous','https://fallout.fandom.com/wiki/Drill'),(76,'Drill Fist','Melee','Unarmed','40 / 50','45 / 50 +10%  STR','STR; Iron Fist; Bloody Mess; Collateral Damage; Exploding Palm; Hack and Slash; Retribution; Friendly Fire; Covert Operative; Ninja; Incisor; Martial Artist; Makeshift Warrior; Martial Artist; Overly Generous','https://fallout.fandom.com/wiki/Drill_Fist'),(77,'Dross','Grenade',NULL,NULL,'5',NULL,'https://fallout.fandom.com/wiki/Dross'),(78,'Dynamite','Grenade',NULL,NULL,'175','Demolition Expert; Bloody Mess; Grenadier; Ordnance Express','https://fallout.fandom.com/wiki/Dynamite_(Wastelanders)'),(79,'Dynamite bundle','Grenade',NULL,NULL,'225','Demolition Expert; Bloody Mess; Grenadier; Ordnance Express','https://fallout.fandom.com/wiki/Dynamite_bundle'),(80,'Elder\'s Mark','Ranged','Automatic rifle','15 / 25 / 35 / 45','18 / 22 / 25 / 29',NULL,'https://fallout.fandom.com/wiki/Elder%27s_Mark'),(81,'Electro enforcer','Melee','Two-Handed','20 / 30 / 40 / 50','20 / 25 / 30 / 35 35 / 40 / 45 / 50 +5%  STR','STR; Knee-Capper; Heavy Hitter; Bloody Mess; Collateral Damage; Hack and Slash; Retribution; Ninja; Incisor; Martial Artist; Makeshift Warrior; Martial Artist; Overly Generous; Knee-Capper, Heavy Hitter: Slugger','https://fallout.fandom.com/wiki/Electro_enforcer'),(82,'Enclave plasma gun','Ranged','Pistol/Rifle','25 / 35 / 45','24 / 28 / 32','Bloody Mess; Non-auto pistol: Gunslinger (Expert, Master); Auto pistol: Guerilla (Expert, Master); Follow Through; Far-Flung Fireworks; Covert Operative; Tank Killer; Packin\' Light; Arms Keeper; Gunsmith; Quick Hands; Sniper (scoped) only; Pistol: Gun Runner, Modern Renegade, Crack Shot (sighted only); Rifle: Ground Pounder, Tormentor, Long Shot (sighted only)','https://fallout.fandom.com/wiki/Enclave_plasma_gun'),(83,'Explosive bait','Grenade',NULL,NULL,'1','Ordnance Express','https://fallout.fandom.com/wiki/Explosive_bait'),(84,'Face Breaker','Melee','Unarmed','30 / 40 / 50','151 / 192 / 245 +10%  STR','STR; Iron Fist; Bloody Mess; Collateral Damage; Exploding Palm; Hack and Slash; Retribution; Covert Operative; Ninja; Incisor; Martial Artist; Makeshift Warrior; Martial Artist; Overly Generous','https://fallout.fandom.com/wiki/Face_Breaker'),(85,'Fancy pump action shotgun','Ranged','Shotgun','5 / 10 / 15 / 20 / 25 / 30 / 35 / 40 / 45 / 50','55 / 55 / 65 / 65 / 75 / 75 / 85 / 85 / 95 / 95','Bloody Mess; Follow Through; Far-Flung Fireworks; Covert Operative; Scattershot; Gunsmith; Enforcer; Scattershot; Skeet Shooter; Quick Hands; suppressor only: Mister Sandman','https://fallout.fandom.com/wiki/Fancy_pump_action_shotgun'),(86,'Fancy single action revolver','Ranged','Non-automatic pistol','10 / 20 / 30 / 40 / 50','42 / 48 / 52 / 58 / 62','Bloody Mess; Follow Through; Far-Flung Fireworks; Covert Operative; Tank Killer; Packin\' Light; Gunsmith; Gun Runner; Modern Renegade; Quick Hands; Crack Shot; Expert, Master: Gunslinger','https://fallout.fandom.com/wiki/Fancy_single_action_revolver'),(87,'Fat Man','Ranged','Explosive heavy gun','25 / 35 / 45','858 / 1092 / 1391','Demolition Expert; Bloody Mess; Follow Through; Far-Flung Fireworks; Covert Operative; Stabilized; Ordnance Express; Bullet Shield; Grenadier; Gunsmith; One Gun Army; Quick Hands','https://fallout.fandom.com/wiki/Fat_Man_(Fallout_76)'),(88,'Final Word','Ranged','Automatic heavy gun','25/35/45','29/36/43','Stabilized; Bloody Mess; Bullet Shield; One Gun Army','https://fallout.fandom.com/wiki/Final_Word'),(89,'Fire axe','Melee','Two-Handed','5 / 15 / 25 / 35 / 45','103 / 132 / 169 / 214 / 273 +5%  STR','STR; Knee-Capper; |Heavy Hitter; Bloody Mess; Collateral Damage; Hack and Slash; Retribution; Ninja; Incisor; Martial Artist; Makeshift Warrior; Martial Artist; Overly Generous; Knee-Capper, |Heavy Hitter: Slugger','https://fallout.fandom.com/wiki/Fire_axe_(Fallout_76)'),(90,'Fireworks mine','Mine',NULL,NULL,'0',NULL,'https://fallout.fandom.com/wiki/Red_fireworks_mine'),(91,'Flamer','Ranged','Heavy gun','30 / 40 / 50','26 / 33 / 42','Bloody Mess; Follow Through; Far-Flung Fireworks; Covert Operative; Stabilized; Bullet Shield; Gunsmith; One Gun Army','https://fallout.fandom.com/wiki/Flamer_(Fallout_76)'),(92,'Flare','Grenade',NULL,NULL,'0',NULL,'https://fallout.fandom.com/wiki/Flare_(Wastelanders)'),(93,'Flare gun','Ranged','Non-automatic pistol','1','1','Bloody Mess; Follow Through; Far-Flung Fireworks; Covert Operative; Tank Killer; Packin\' Light; Gunsmith; Gun Runner; Modern Renegade; Quick Hands; Crack Shot; Expert, Master: Gunslinger','https://fallout.fandom.com/wiki/Flare_gun_(Fallout_76)'),(94,'Flatliner','Ranged','Non-automatic rifle','35 / 45','125 / 140','Bloody Mess; Demolition Expert; Follow Through; Far-Flung Fireworks; Covert Operative; Tank Killer; Arms Keeper; Grenadier; Gunsmith; Ground Pounder; Quick Hands; Tormentor; scoped only: Sniper; sighted only: Long Shot; suppressor only: Mister Sandman','https://fallout.fandom.com/wiki/Flatliner'),(95,'Floater flamer grenade','Grenade',NULL,NULL,'125 50 (4s)','Grenadier','https://fallout.fandom.com/wiki/Floater_flamer_grenade'),(96,'Floater freezer grenade','Grenade',NULL,NULL,'100','Grenadier','https://fallout.fandom.com/wiki/Floater_freezer_grenade'),(97,'Floater gnasher grenade','Grenade',NULL,NULL,'80 40 (8s)','Grenadier','https://fallout.fandom.com/wiki/Floater_gnasher_grenade'),(98,'Foundation\'s Vengeance','Ranged','Automatic heavy gun',NULL,NULL,NULL,'https://fallout.fandom.com/wiki/Foundation%27s_Vengeance'),(99,'Fragmentation grenade','Grenade',NULL,NULL,'150',NULL,'https://fallout.fandom.com/wiki/Fragmentation_grenade_(Fallout_76)'),(100,'Fragmentation grenade MIRV','Grenade',NULL,NULL,'100',NULL,'https://fallout.fandom.com/wiki/Fragmentation_grenade_MIRV_(Fallout_76)'),(101,'Fragmentation mine','Mine',NULL,NULL,'150','Demolition Expert; Bloody Mess; Ordnance Express','https://fallout.fandom.com/wiki/Fragmentation_mine_(Fallout_76)'),(102,'Gamma gun','Ranged','Non-automatic pistol','15 / 25 / 35 / 45','56 / 71 / 90 / 115','Bloody Mess; Follow Through; Far-Flung Fireworks; Covert Operative; Tank Killer; Packin\' Light; Grenadier; Gunsmith; Gun Runner; Modern Renegade; Quick Hands; Crack Shot; Expert, Master: Gunslinger; Expert,Master: Guerrilla','https://fallout.fandom.com/wiki/Gamma_gun_(Fallout_76)'),(103,'Gatling gun','Ranged','Automatic heavy gun','20 / 30 / 40 / 50','54 / 69 / 88 / 112','Bloody Mess; Follow Through; Far-Flung Fireworks; Covert Operative; Stabilized; Bullet Shield; Gunsmith; One Gun Army; Quick Hands','https://fallout.fandom.com/wiki/Gatling_gun'),(104,'Gatling laser','Ranged','Heavy gun','25 / 35 / 45','15 / 19 / 25','Bloody Mess; Follow Through; Far-Flung Fireworks; Covert Operative; Stabilized; Bullet Shield; Gunsmith; One Gun Army; Quick Hands','https://fallout.fandom.com/wiki/Gatling_laser_(Fallout_76)'),(105,'Gatling plasma','Ranged','Heavy gun','30 / 40 / 50','17 / 22 / 28 17 / 22 / 28','Bloody Mess; Follow Through; Far-Flung Fireworks; Covert Operative; Stabilized; Bullet Shield; One Gun Army','https://fallout.fandom.com/wiki/Gatling_plasma_(Fallout_76)'),(106,'Gauntlet','Melee','Unarmed','40 / 50','181 / 229 353 / 449 per 8s +10%  STR','STR; Iron Fist; Bloody Mess; Collateral Damage; Exploding Palm; Hack and Slash; Retribution; Covert Operative; Ninja; Incisor; Martial Artist; Makeshift Warrior; Martial Artist; Overly Generous','https://fallout.fandom.com/wiki/Gauntlet_(Fallout_76)'),(107,'Gauss minigun','Ranged','Heavy gun','45 / 50','60 / 68','Bloody Mess; Demolition Expert; Follow Through; Far-Flung Fireworks; Covert Operative; Stabilized; Bullet Shield; Grenadier; Gunsmith; One Gun Army','https://fallout.fandom.com/wiki/Gauss_minigun_(Fallout_76)'),(108,'Gauss pistol','Ranged','Non-automatic pistol','15 / 20 / 25 / 30 / 35 / 40 / 45 / 50','36 / 40 / 45 / 52 / 58 / 66 / 74 / 83','Bloody Mess; Follow Through; Far-Flung Fireworks; Covert Operative; Tank Killer; Packin\' Light; Grenadier; Gunsmith; Gun Runner; Modern Renegade; Quick Hands; Crack Shot; Expert, Master: Gunslinger; suppressor only: Mister Sandman','https://fallout.fandom.com/wiki/Gauss_pistol_(Wastelanders)'),(109,'Gauss rifle','Ranged','Non-automatic rifle','35 / 45','83 / 105','Bloody Mess; Demolition Expert; Follow Through; Far-Flung Fireworks; Covert Operative; Tank Killer; Arms Keeper; Grenadier; Gunsmith; Ground Pounder; Quick Hands; Tormentor; scoped only: Sniper; sighted only: Long Shot; suppressor only: Mister Sandman','https://fallout.fandom.com/wiki/Gauss_rifle_(Fallout_76)'),(110,'Gauss shotgun','Ranged','Shotgun','25 / 30 / 35 / 40 / 45 / 50','72 / 80 / 88 / 104 / 120 / 136','Demolition Expert; Bloody Mess; Follow Through; Far-Flung Fireworks; Covert Operative; Scattershot; Gunsmith; Enforcer; Scattershot; Skeet Shooter; Quick Hands; optional: Grenadier','https://fallout.fandom.com/wiki/Gauss_shotgun'),(111,'Golf club','Melee','Two-Handed','1 / 5 / 15 / 25 / 35 / 45','24 / 25 / 30 / 35 / 40 / 45 +5%  STR','STR; Knee-Capper; Heavy Hitter; Bloody Mess; Collateral Damage; Hack and Slash; Retribution; Ninja; Incisor; Martial Artist; Makeshift Warrior; Martial Artist; Overly Generous; Knee-Capper, Heavy Hitter: Slugger','https://fallout.fandom.com/wiki/Golf_club'),(112,'Grand Finale','Ranged','Explosive heavy gun','25 / 35 / 45',NULL,NULL,'https://fallout.fandom.com/wiki/Grand_Finale'),(113,'Grant\'s saber','Melee','One-Handed','1 / 5 / 10 / 15 / 20 / 25 / 30 / 35 / 40 / 45 / 50','10 / 16 / 16 / 21 / 21 / 26 / 26 / 31 / 31 / 36 / 36 +5%  STR','STR; Natural Stance; Bloody Mess; Collateral Damage; Hack and Slash; Retribution; Ninja; Incisor; Martial Artist; Makeshift Warrior; Martial Artist; Overly Generous','https://fallout.fandom.com/wiki/Grant%27s_saber'),(114,'Grognak\'s axe','Melee','Two-Handed','30 / 40 / 50','201 / 255 / 326 +5%  STR','STR; Knee-Capper; Heavy Hitter; Bloody Mess; Collateral Damage; Hack and Slash; Retribution; Ninja; Incisor; Martial Artist; Makeshift Warrior; Martial Artist; Overly Generous; Knee-Capper, Heavy Hitter: Slugger','https://fallout.fandom.com/wiki/Grognak%27s_axe_(Fallout_76)'),(115,'Guitar sword','Melee','One-Handed','15 / 25 / 35 / 45','92 / 116 / 148 / 190 94 / 120 / 160 / 201 per 10s +5%  STR','STR; Natural Stance; Bloody Mess; Collateral Damage; Hack and Slash; Retribution; Ninja; Incisor; Martial Artist; Makeshift Warrior; Martial Artist; Overly Generous','https://fallout.fandom.com/wiki/Guitar_sword'),(116,'Gulper Smacker','Melee','Two-Handed','20 / 30 / 40 / 50','44 / 50 / 56 / 62 +5%  STR','STR; Knee-Capper; Heavy Hitter; Bloody Mess; Collateral Damage; Hack and Slash; Retribution; Ninja; Incisor; Martial Artist; Makeshift Warrior; Martial Artist; Overly Generous; Knee-Capper, Heavy Hitter: Slugger','https://fallout.fandom.com/wiki/Gulper_Smacker'),(117,'Gunther\'s Big Iron','Ranged','Non-automatic pistol','10 / 20 / 30 / 40 / 50',NULL,NULL,'https://fallout.fandom.com/wiki/Gunther%27s_Big_Iron'),(118,'HalluciGen gas grenade','Grenade',NULL,NULL,'1','Demolition Expert; Grenadier; Ordnance Express','https://fallout.fandom.com/wiki/HalluciGen_gas_grenade_(Fallout_76)'),(119,'Handmade rifle','Ranged','Rifle','15 / 25 / 35 / 45','41 / 52 / 66 / 84','Bloody Mess; Follow Through; Far-Flung Fireworks; Covert Operative; Tank Killer; Arms Keeper; Gunsmith; Ground Pounder; Quick Hands; Tormentor; scoped only: Sniper; sighted only: Long Shot; suppressor only: Mister Sandman','https://fallout.fandom.com/wiki/Handmade_rifle_(Fallout_76)'),(120,'Harpoon gun','Ranged','Heavy gun','30 / 40 / 50','203 / 259 / 330 300 / 375 / 480','Bloody Mess; Follow Through; Far-Flung Fireworks; Covert Operative; Stabilized; Bullet Shield; Gunsmith; One Gun Army; Quick Hands','https://fallout.fandom.com/wiki/Harpoon_gun_(Fallout_76)'),(121,'Hatchet','Melee','One-Handed','1 / 5 / 10 / 20 / 30 / 40 / 50','60 / 67 / 76 / 96 / 123 / 158 / 201 +5%  STR','STR; Natural Stance; Bloody Mess; Collateral Damage; Hack and Slash; Retribution; Ninja; Incisor; Martial Artist; Makeshift Warrior; Martial Artist; Overly Generous','https://fallout.fandom.com/wiki/Hatchet_(Fallout_76)'),(122,'Head Hunter Scythe','Melee','Two-handed','5 / 15 / 25 / 35 / 45','103 / 132 / 169 / 214 / 273 +5%  STR','STR','https://fallout.fandom.com/wiki/Head_Hunter_Scythe'),(123,'Hellstorm missile launcher','Ranged','Explosive heavy gun','40 / 45 / 50','594 / 670 / 758','Demolition Expert; Bloody Mess; Follow Through; Far-Flung Fireworks; Covert Operative; [1]; Stabilized; Ordnance Express; Bullet Shield; Grenadier; Gunsmith; Lock and Load; One Gun Army','https://fallout.fandom.com/wiki/Hellstorm_missile_launcher'),(124,'Holy Fire','Ranged','Heavy Gun','30 / 40 / 50','33 / 36 / 41','Bloody Mess; Follow Through; Far-Flung Fireworks; Covert Operative; Stabilized; Batteries Included; Bullet Shield; Gunsmith; One Gun Army; Friendly Fire','https://fallout.fandom.com/wiki/Holy_Fire'),(125,'Hunting rifle','Ranged','Non-automatic rifle','1 / 5 / 10 / 20 / 30 / 40 / 50','86 / 96 / 108 / 138 / 175 / 224 / 285','Bloody Mess; Follow Through; Far-Flung Fireworks; Covert Operative; Tank Killer; Arms Keeper; Gunsmith; Ground Pounder; Quick Hands; Tormentor; scoped only: Sniper; sighted only: Long Shot; suppressor only: Mister Sandman','https://fallout.fandom.com/wiki/Hunting_rifle_(Fallout_76)'),(126,'Ice Breaker','Ranged','Heavy gun','30 / 40 / 50','203 / 259/ 330 121 / 155 / 198 300 / 375 / 480','Bloody Mess; Follow Through; Far-Flung Fireworks; Covert Operative; Stabilized; Bullet Shield; Gunsmith; One Gun Army; Quick Hands','https://fallout.fandom.com/wiki/Ice_Breaker'),(127,'Imposter Assaultron head','Ranged','Non-automatic pistol','25 / 35 / 45','30 / 40 / 50','Bloody Mess; Follow Through; Far-Flung Fireworks; Covert Operative; Tank Killer; Packin\' Light; Gunsmith; Gun Runner; Modern Renegade; Expert, Master: Gunslinger','https://fallout.fandom.com/wiki/Imposter_Assaultron_head'),(128,'Kingfisher','Ranged','Heavy gun',NULL,'175',NULL,'https://fallout.fandom.com/wiki/Kingfisher'),(129,'Knuckles','Melee','Unarmed','1 / 5 / 10 / 20 / 30 / 40 / 50','57 / 64 / 71 / 91 / 115 / 147 / 187 +10%  STR','STR; Iron Fist; Bloody Mess; Collateral Damage; Exploding Palm; Hack and Slash; Retribution; Covert Operative; Ninja; Incisor; Martial Artist; Makeshift Warrior; Martial Artist; Overly Generous','https://fallout.fandom.com/wiki/Knuckles_(Fallout_76)'),(130,'Laser gun','Ranged','Pistol/Rifle','5 / 15 / 25 / 35 / 45','24 / 31 / 39 / 50 / 64','Bloody Mess; Non-auto pistol: Gunslinger (Expert, Master); Auto pistol: Guerrilla (Expert, Master); Follow Through; Far-Flung Fireworks; Sneak; Covert Operative; Tank Killer; Packin\' Light (pistol only); Arms Keeper (rifle only); Gunsmith; Quick Hands; Sniper (scoped only); Pistol: Gun Runner; Modern Renegade; Crack Shot (sighted only); Rifle: Ground Pounder; Tormentor; Long Shot (sighted only)','https://fallout.fandom.com/wiki/Laser_gun_(Fallout_76)'),(131,'Lead pipe','Melee','One-Handed','1 / 5 / 10 / 20 / 30 / 40 / 50','56 / 63 / 71 / 90 / 115 / 147 / 187 +5%  STR','STR; Natural Stance; Bloody Mess; Collateral Damage; Hack and Slash; Retribution; Ninja; Incisor; Martial Artist; Makeshift Warrior; Martial Artist; Overly Generous','https://fallout.fandom.com/wiki/Lead_pipe_(Fallout_76)'),(132,'Lever action rifle','Ranged','Non-automatic rifle','25 / 35 / 45','112 / 143 / 182','Bloody Mess; Follow Through; Far-Flung Fireworks; Covert Operative; Tank Killer; Arms Keeper; Gunsmith; Ground Pounder; Quick Hands; Tormentor; scoped only: Sniper; sighted only: Long Shot; suppressor only: Mister Sandman','https://fallout.fandom.com/wiki/Lever_action_rifle_(Fallout_76)'),(133,'Lickety-Split','Ranged','Rifle','30 / 40 / 50','60 / 68 / 76','Bloody Mess; Follow Through; Far-Flung Fireworks; Covert Operative; Tank Killer; Arms Keeper; Grenadier; Gunsmith; Ground Pounder; Quick Hands; Tormentor; scoped only: Sniper; sighted only: Long Shot','https://fallout.fandom.com/wiki/Lickety-Split'),(134,'Light machine gun','Ranged','Heavy gun','30 / 40 / 50','29 / 37 / 47','Bloody Mess; Follow Through; Far-Flung Fireworks; Covert Operative; Stabilized; Bullet Shield; Gunsmith; One Gun Army; Quick Hands','https://fallout.fandom.com/wiki/Light_machine_gun_(Fallout_76)'),(135,'Longshot','Ranged','Non-automatic rifle','1 / 5 / 10 / 20 / 30 / 40 / 50','40 / 45 / 50 / 55 / 60 / 65 / 70','Bloody Mess; Follow Through; Far-Flung Fireworks; Covert Operative; Tank Killer; Gunsmith; Ground Pounder; Quick Hands; Tormentor; scoped only: Sniper; sighted only: Long Shot; suppressor only: Mister Sandman','https://fallout.fandom.com/wiki/Longshot'),(136,'Love Tap','Ranged','Automatic rifle','15 / 25 / 35 / 45','18 / 22 / 25 / 29',NULL,'https://fallout.fandom.com/wiki/Love_Tap_(Fallout_76)'),(137,'Luca\'s switchblade','Melee','One-Handed','50','58','Natural Stance; Bloody Mess; Collateral Damage; Hack and Slash; Retribution; Ninja; Incisor; Martial Artist; Makeshift Warrior; Martial Artist; Overly Generous','https://fallout.fandom.com/wiki/Luca%27s_switchblade'),(138,'M79 grenade launcher','Ranged','Explosive heavy gun','15 / 25 / 35 / 45','255 / 324 / 412 / 525','Demolition Expert; Bloody Mess; Follow Through; Far-Flung Fireworks; Covert Operative; [1]; Stabilized; Ordnance Express; Bullet Shield; Gunsmith; One Gun Army; Quick Hands','https://fallout.fandom.com/wiki/M79_grenade_launcher'),(139,'Machete','Melee','One-Handed','1 / 5 / 10 / 20 / 30 / 40 / 50','64 / 72 / 82 / 103 / 132 / 169 / 214 74 / 88 / 88 / 118 / 162 / 191 / 250 per 11s +5%  STR','STR; Natural Stancebr; Bloody Mess; Collateral Damage; Hack and Slash; Retribution; Ninja; Incisor; Martial Artist; Makeshift Warrior; Martial Artist; Overly Generous','https://fallout.fandom.com/wiki/Machete_(Fallout_76)'),(140,'Meat cleaver','Thrown',NULL,NULL,'60','; Legendary weapon effects; Bloody Mess; Martial Artist; Strong Arm','https://fallout.fandom.com/wiki/Meat_cleaver'),(141,'Meat hook','Melee','Unarmed','5 / 15 / 25 / 35 / 45','64 / 81 / 103 / 130 / 165 +10%  STR','STR; Natural Stance; Iron Fist; Bloody Mess; Collateral Damage; Exploding Palm; Hack and Slash; Retribution; Covert Operative; Ninja; Incisor; Martial Artist; Makeshift Warrior; Martial Artist; Overly Generous','https://fallout.fandom.com/wiki/Meat_hook_(Fallout_76)'),(142,'Mechanic\'s Best Friend','Melee','One-Handed','1 / 5 / 10 / 20 / 30 / 40 / 50','72 / 81 / 91 / 115 / 148 / 189 / 241 +5%  STR','STR; Natural Stance; Bloody Mess; Collateral Damage; Hack and Slash; Retribution; Ninja; Incisor; Martial Artist; Makeshift Warrior; Martial Artist; Overly Generous','https://fallout.fandom.com/wiki/Mechanic%27s_Best_Friend'),(143,'Medical Malpractice','Ranged','Non-automatic pistol','45','161','Bloody Mess; Follow Through; Far-Flung Fireworks; Covert Operative; Tank Killer; Packin\' Light; Gunsmith; Gun Runner; Modern Renegade; Quick Hands; Expert, Master: Gunslinger; scoped only: Sniper; sighted only: Crack Shot','https://fallout.fandom.com/wiki/Medical_Malpractice'),(144,'Meteoritic sword','Melee','One-Handed','20 / 25 / 30 / 35 / 40 / 45 / 50','21 / 26 / 26 / 31 / 31 / 36 / 36 +5%  STR','STR; Natural Stance; Bloody Mess; Collateral Damage; Hack and Slash; Retribution; Ninja; Incisor; Martial Artist; Makeshift Warrior; Martial Artist; Overly Generous','https://fallout.fandom.com/wiki/Meteoritic_sword'),(145,'Mind Over Matter','Ranged','Pistol/Rifle','15 / 25 / 35 / 45','13 / 15 / 17 / 20 13 / 15 / 17 / 20','Bloody Mess; Follow Through; Far-Flung Fireworks; Covert Operative; Tank Killer; Gunsmith; Quick Hands; Modern Renegade; Tormentor; Expert, Master: Gunslinger, Guerrilla; Pistol: Gun Runner; Rifle: Ground Pounder; pistol only: Packin\' Light; scoped only: Sniper; sighted only: Crack Shot, Long Shot','https://fallout.fandom.com/wiki/Mind_Over_Matter'),(146,'Minigun','Ranged','Automatic heavy gun','35 / 45','22 / 29','Bloody Mess; Follow Through; Far-Flung Fireworks; Covert Operative; Stabilized; Bullet Shield; One Gun Army','https://fallout.fandom.com/wiki/Minigun_(Fallout_76)'),(147,'Missile launcher','Ranged','Explosive heavy gun','20 / 30 / 40 / 50','472 / 601 / 764 / 973','Demolition Expert; Bloody Mess; Follow Through; Far-Flung Fireworks; Covert Operative; [Note 1]; Stabilized; Ordnance Express; Bullet Shield; Grenadier; Gunsmith; One Gun Army; Quick Hands','https://fallout.fandom.com/wiki/Missile_launcher_(Fallout_76)'),(148,'Mole miner gauntlet','Melee','Unarmed','20 / 30 / 40 / 50','111 / 142 / 181 / 229 +10%  STR','STR; Iron Fist; Bloody Mess; Collateral Damage; Exploding Palm; Hack and Slash; Retribution; Covert Operative; Ninja; Incisor; Martial Artist; Makeshift Warrior; Martial Artist; Overly Generous','https://fallout.fandom.com/wiki/Mole_miner_gauntlet'),(149,'Molerat Bat','Melee','Two-handed','1 / 5 / 15 / 25 / 35 / 45',NULL,NULL,'https://fallout.fandom.com/wiki/Molerat_Bat'),(150,'Molotov cocktail','Grenade',NULL,NULL,'50 8',NULL,'https://fallout.fandom.com/wiki/Molotov_cocktail_(Fallout_76)'),(151,'Mr. Handy buzz blade','Melee','Two-Handed','15 / 25 / 35 / 45','13 / 17 / 23 / 28 +5%  STR','STR; Knee-Capper; Heavy Hitter; Bloody Mess; Collateral Damage; Hack and Slash; Retribution; Ninja; Incisor; Martial Artist; Makeshift Warrior; Martial Artist; Overly Generous; Knee-Capper, Heavy Hitter: Slugger','https://fallout.fandom.com/wiki/Mr._Handy_buzz_blade_(Fallout_76)'),(152,'Multi-purpose axe','Melee','Two-Handed','1 / 5 / 15 / 25 / 35 / 45','26 / 32 / 42 / 52 / 62 / 69 +5%  STR','STR; Knee-Capper; Heavy Hitter; Bloody Mess; Collateral Damage; Hack and Slash; Retribution; Ninja; Incisor; Martial Artist; Makeshift Warrior; Martial Artist; Overly Generous; Knee-Capper, Heavy Hitter: Slugger','https://fallout.fandom.com/wiki/Multi-purpose_axe'),(153,'Nailer','Melee','One-Handed','15 / 20 / 25 / 30 / 35 / 40 / 45 / 50','21 / 26 / 26 / 31 / 31 / 36 / 36 / 41 +5%  STR','STR; Natural Stance; Bloody Mess; Collateral Damage; Hack and Slash; Retribution; Ninja; Incisor; Martial Artist; Makeshift Warrior; Martial Artist; Overly Generous','https://fallout.fandom.com/wiki/Nailer'),(154,'Night Light','Ranged','Rifle','40 / 50','66 / 78','Bloody Mess; Follow Through; Far-Flung Fireworks; Covert Operative; Tank Killer; Gunsmith; Grenadier; Ground Pounder; Tormentor; Long Shot','https://fallout.fandom.com/wiki/Night_Light'),(155,'Nuka grenade','Grenade',NULL,NULL,'250',NULL,'https://fallout.fandom.com/wiki/Nuka_grenade_(Fallout_76)'),(156,'Nuka Quantum grenade','Grenade',NULL,NULL,'300',NULL,'https://fallout.fandom.com/wiki/Nuka_Quantum_grenade_(Fallout_76)'),(157,'Nuka-Launcher','Ranged','Explosive heavy gun','40 / 50','172 / 218','Demolition Expert; Bloody Mess; Follow Through; Far-Flung Fireworks; Covert Operative; [1]; Stabilized; Ordnance Express; Bullet Shield; Gunsmith; One Gun Army; Quick Hands','https://fallout.fandom.com/wiki/Nuka-Launcher'),(158,'Nuke mine','Mine',NULL,NULL,'250 125','Demolition Expert; Bloody Mess; Ordnance Express','https://fallout.fandom.com/wiki/Nuke_mine_(Fallout_76)'),(159,'Oathbreaker','Melee','Two-Handed','30 / 40 / 50','62 / 72 / 82 +5%  STR','STR; Knee-Capper; Heavy Hitter; Bloody Mess; Collateral Damage; Hack and Slash; Retribution; Ninja; Incisor; Martial Artist; Makeshift Warrior; Martial Artist; Overly Generous; Knee-Capper, Heavy Hitter: Slugger','https://fallout.fandom.com/wiki/Oathbreaker'),(160,'Old Guard\'s 10mm SMG','Ranged','Automatic rifle','10 / 20 / 30 / 40 / 50','17 / 19 / 23 / 28 / 34','Bloody Mess; Follow Through; Far-Flung Fireworks; Covert Operative; Tank Killer; Gunsmith; Ground Pounder; Quick Hands; Tormentor; Long Shot','https://fallout.fandom.com/wiki/Old_Guard%27s_10mm_SMG'),(161,'Orbital scan beacon','Grenade',NULL,NULL,'1',NULL,'https://fallout.fandom.com/wiki/Orbital_scan_beacon'),(162,'Orbital strike beacon','Grenade',NULL,NULL,'1',NULL,'https://fallout.fandom.com/wiki/Orbital_strike_beacon'),(163,'Overkill','Ranged','Explosive heavy gun','25 / 35 / 45','6','Demolition Expert; Bloody Mess; Follow Through; Far-Flung Fireworks; Covert Operative; Stabilized; Ordnance Express; Bullet Shield; Grenadier; Gunsmith; One Gun Army; Quick Hands','https://fallout.fandom.com/wiki/Overkill_(Fallout_76)'),(164,'Paddle ball','Ranged','One-handed','5','1',NULL,'https://fallout.fandom.com/wiki/Paddle_ball_(Fallout_76)'),(165,'Pearly Peepers',NULL,NULL,NULL,NULL,NULL,'https://fallout.fandom.com/wiki/Pearly_Peepers'),(166,'Pepper Shaker','Ranged','Automatic heavy shotgun','35 / 40 / 45 / 50','64 / 72 / 88 / 96','Bloody Mess; Follow Through; Far-Flung Fireworks; Covert Operative; Stabilized; Scattershot; Bullet Shield; Gunsmith; Enforcer; One Gun Army; Quick Hands; Scattershot; Skeet Shooter','https://fallout.fandom.com/wiki/Pepper_Shaker'),(167,'Perfect Storm','Ranged','Automatic rifle','10 / 20 / 30 / 40 / 50','17 / 19 / 23 / 28 / 34 8 per second (3 sec)','Bloody Mess; Follow Through; Far-Flung Fireworks; Covert Operative; Tank Killer; Gunsmith; Ground Pounder; Quick Hands; Tormentor; Long Shot','https://fallout.fandom.com/wiki/Perfect_Storm'),(168,'Pickaxe','Melee','Two-Handed','5 / 15 / 25 / 35 / 45','103 / 132 / 169 / 214 / 273 +5%  STR','STR; Knee-Capper; Heavy Hitter; Bloody Mess; Collateral Damage; Hack and Slash; Retribution; Ninja; Incisor; Martial Artist; Makeshift Warrior; Martial Artist; Overly Generous; Knee-Capper, Heavy Hitter: Slugger','https://fallout.fandom.com/wiki/Pickaxe_(Fallout_76)'),(169,'Pipe bolt-action','Ranged','Pistol/Rifle','1 / 5 / 10 / 20 / 30 / 40 / 50','99 / 111 / 125 / 159 / 203 / 259 / 330','Bloody Mess; Follow Through; Far-Flung Fireworks; Covert Operative; Tank Killer; Quick Hands; Expert, Master: Gunslinger; pistol: Gun Runner, Modern Renegade; pistol & sighted: Crack Shot; pistol only: Packin\' Light; rifle: Ground Pounder, Tormentor; rifle & sighted: Long Shot; rifle only: Arms Keeper; scoped: Sniper; suppressor: Mister Sandman','https://fallout.fandom.com/wiki/Pipe_bolt-action_(Fallout_76)'),(170,'Pipe gun','Ranged','Pistol/Rifle','1 / 5 / 10 / 20 / 30 / 40 / 50','20 / 22 / 25 / 32 / 40 / 52 / 66','Bloody Mess; Far-Flung Fireworks; Follow Through; Covert Operative; Tank Killer; Arms Keeper; Gunsmith; Gun Runner; Modern Renegade; Ground Pounder; Pistol: Crack Shot; Rifle: Tormentor; scoped only: Sniper; sighted only: Long Shot; suppressed only: Mister Sandman','https://fallout.fandom.com/wiki/Pipe_gun_(Fallout_76)'),(171,'Pipe revolver','Ranged','Non-automatic pistol/rifle','1 / 5 / 10 / 20 / 30 / 40 / 50','51 / 57 / 65 / 83 / 105 / 134 / 171','Bloody Mess; Follow Through; Far-Flung Fireworks; Covert Operative; Tank Killer; Gunsmith; Quick Hands; Modern Renegade; Tormentor; Expert, Master: Gunslinger; Pistol: Gun Runner; Rifle: Ground Pounder; pistol only: Packin\' Light; rifle only: Arms Keeper; scoped only: Sniper; sighted only: Crack Shot, Long Shot; suppressor only: Mister Sandman','https://fallout.fandom.com/wiki/Pipe_revolver_(Fallout_76)'),(172,'Pipe wrench','Melee','One-Handed','1 / 5 / 10 / 20 / 30 / 40 / 50','56 /63 / 71 / 90 / 115 / 147 / 187 +5%  STR','STR; Natural Stance; Bloody Mess; Collateral Damage; Hack and Slash; Retribution; Ninja; Incisor; Martial Artist; Makeshift Warrior; Martial Artist; Overly Generous','https://fallout.fandom.com/wiki/Pipe_wrench_(Fallout_76)'),(173,'Pirate Punch','Ranged','Non-automatic pistol','10 / 20 / 30 / 40 / 50','? / ? / ? / ? / 245','Bloody Mess; Follow Through; Far-Flung Fireworks; Covert Operative; Tank Killer; Packin\' Light; Gunsmith; Gun Runner; Modern Renegade; Quick Hands; Crack Shot; Expert, Master: Gunslinger','https://fallout.fandom.com/wiki/Pirate_Punch'),(174,'Pitchfork','Melee','Two-Handed','1 / 5 / 15 / 25 / 35 / 45','68 / 76 / 98 / 124 / 159 / 203 +5%  STR','STR; Knee-Capper; Heavy Hitter; Bloody Mess; Collateral Damage; Hack and Slash; Retribution; Ninja; Incisor; Martial Artist; Makeshift Warrior; Martial Artist; Overly Generous; Knee-Capper, Heavy Hitter: Slugger','https://fallout.fandom.com/wiki/Pitchfork'),(175,'Plasma caster','Ranged','Heavy gun','40 / 45 / 50','81 / 91 / 103 81 / 91 / 103','Bloody Mess; Follow Through; Far-Flung Fireworks; Covert Operative; Stabilized; Bullet Shield; Gunsmith; One Gun Army','https://fallout.fandom.com/wiki/Plasma_caster_(Fallout_76)'),(176,'Plasma cutter','Melee','One-Handed','30 / 40 / 50','150 / 191 / 243 [ 1 ] 115 / 145 / 187 +5%  STR','[1]; STR; Natural Stance; Bloody Mess; Collateral Damage; Hack and Slash; Retribution; Ninja; Incisor; Martial Artist; Makeshift Warrior; Martial Artist; Overly Generous','https://fallout.fandom.com/wiki/Plasma_cutter'),(177,'Plasma grenade','Grenade',NULL,NULL,'200 + 200','Demolition Expert; Strong Arm; Grenadier; Ordnance Express','https://fallout.fandom.com/wiki/Plasma_grenade_(Fallout_76)'),(178,'Plasma gun','Ranged','Pistol/Rifle','15 / 25 / 35 / 45','20 / 26 / 33 / 42 20 / 26 / 33 / 42','Bloody Mess; Non-auto pistol: Gunslinger (Expert, Master); Auto pistol: Guerrilla (Expert, Master); Follow Through; Far-Flung Fireworks; Sneak; Covert Operative; Penetration; Tank Killer; Packin\' Light (pistol only); Arms Keeper (rifle only); Gunsmith; Quick Hands; Sniper (scoped only); Pistol: Gun Runner; Modern Renegade; Crack Shot (sighted only); Rifle: Ground Pounder; Tormentor; Long Shot (sighted only)','https://fallout.fandom.com/wiki/Plasma_gun_(Fallout_76)'),(179,'Plasma mine','Mine',NULL,NULL,'200 200','Demolition Expert; Bloody Mess; Ordnance Express','https://fallout.fandom.com/wiki/Plasma_mine_(Fallout_76)'),(180,'Pole hook','Melee','Two-Handed','10 / 20 / 30 / 40 / 50','98 / 126 / 159/ 203 / 259 +5%  STR','STR; Knee-Capper; Heavy Hitter; Bloody Mess; Collateral Damage; Hack and Slash; Retribution; Ninja; Incisor; Martial Artist; Makeshift Warrior; Martial Artist; Overly Generous; Knee-Capper, Heavy Hitter: Slugger','https://fallout.fandom.com/wiki/Pole_hook_(Fallout_76)'),(181,'Polly\'s Assaultron head','Ranged','Non-automatic pistol','1 / 5 / 10 / 20 / 30 / 40 / 50','60 / 75 / 80 / 200 / 235 / 270 / 350','Bloody Mess; Follow Through; Far-Flung Fireworks; Covert Operative; Tank Killer; Packin\' Light; Gunsmith; Gun Runner; Modern Renegade; Expert, Master: Gunslinger','https://fallout.fandom.com/wiki/Polly%27s_Assaultron_head'),(182,'Pool cue','Melee','Two-Handed','1 / 5 / 15 / 25 / 35 / 45','68 / 76 / 98 / 124 / 159 / 203 +5%  STR','STR; Knee-Capper; Heavy Hitter; Bloody Mess; Collateral Damage; Hack and Slash; Retribution; Ninja; Incisor; Martial Artist; Makeshift Warrior; Martial Artist; Overly Generous; Knee-Capper, Heavy Hitter: Slugger','https://fallout.fandom.com/wiki/Pool_cue_(Fallout_76)'),(183,'Power fist','Melee','Unarmed','30 / 40 / 50','151 / 192 / 245 +10%  STR','STR; Iron Fist; Bloody Mess; Collateral Damage; Exploding Palm; Hack and Slash; Retribution; Ninja; Incisor; Martial Artist; Makeshift Warrior; Martial Artist; Overly Generous','https://fallout.fandom.com/wiki/Power_fist_(Fallout_76)'),(184,'ProSnap Deluxe camera','Camera',NULL,NULL,NULL,NULL,'https://fallout.fandom.com/wiki/ProSnap_Deluxe_camera'),(185,'Protest sign','Melee','Two-Handed','1','1 +5%  STR','STR; Knee-Capper; Heavy Hitter; Bloody Mess; Collateral Damage; Hack and Slash; Retribution; Ninja; Incisor; Martial Artist; Makeshift Warrior; Martial Artist; Overly Generous; Knee-Capper, Heavy Hitter: Slugger','https://fallout.fandom.com/wiki/Protest_sign'),(186,'Pulse grenade','Grenade',NULL,NULL,'175 (normal) 175 (electric)',NULL,'https://fallout.fandom.com/wiki/Pulse_grenade_(Fallout_76)'),(187,'Pulse mine','Mine',NULL,NULL,'175 175','Demolition Expert; Bloody Mess; Ordnance Express','https://fallout.fandom.com/wiki/Pulse_mine_(Fallout_76)'),(188,'Pump action shotgun','Ranged','Shotgun','5 / 15 / 25 / 35 / 45','88 / 112 / 144 / 176 / 232','Bloody Mess; Follow Through; Far-Flung Fireworks; Covert Operative; Scattershot; Gunsmith; Enforcer; Scattershot; Skeet Shooter; Quick Hands; suppressor only: Mister Sandman','https://fallout.fandom.com/wiki/Pump_action_shotgun_(Fallout_76)'),(189,'Pumpkin grenade','Grenade',NULL,NULL,'Damage over time: -20 HP/sec (5 sec) 40/s (5 sec)','Demolition Expert; Bloody Mess; Detonation Contagion; Ordnance Express; Strong Arm','https://fallout.fandom.com/wiki/Pumpkin_grenade'),(190,'Pyrolyzer','Ranged','Heavy gun','30 / 40 / 50','27 / ? / 44','Bloody Mess; Batteries Included; Friendly Fire','https://fallout.fandom.com/wiki/Pyrolyzer'),(191,'Radium rifle','Ranged','Rifle','40 / 50','52 / 66 37 / 47','Bloody Mess; Follow Through; Far-Flung Fireworks; Covert Operative; Tank Killer; Arms Keeper; Gunsmith; Ground Pounder; Quick Hands; Tormentor; scoped only: Sniper; sighted only: Long Shot; suppressor only: Mister Sandman','https://fallout.fandom.com/wiki/Radium_rifle_(Fallout_76)'),(192,'Railway rifle','Ranged','Rifle','30 / 40 / 50','105 / 134 / 171','Bloody Mess; Follow Through; Far-Flung Fireworks; Covert Operative; Tank Killer; Arms Keeper; Gunsmith; Ground Pounder; Quick Hands; Tormentor; scoped only: Sniper; sighted only: Long Shot','https://fallout.fandom.com/wiki/Railway_rifle_(Fallout_76)'),(193,'Red Terror','Ranged','Heavy gun','30 / 40 / 50','29 / 34 / 42','Bloody Mess; Follow Through; Far-Flung Fireworks; Covert Operative; Stabilized; Bullet Shield; Gunsmith; One Gun Army; Quick Hands','https://fallout.fandom.com/wiki/Red_Terror'),(194,'Resolute Veteran','Ranged','Automatic heavy gun','50','86','Stabilized; Bloody Mess; Bullet Shield; One Gun Army','https://fallout.fandom.com/wiki/Resolute_Veteran'),(195,'Revolutionary sword','Melee','One-Handed','10 / 20 / 30 / 40 / 50','76 / 96 / 123 / 158 / 201 67 / 94 / 120 / 147 / 187 per 10s +5%  STR','Bloody Mess; Incisor; Martial Artist; Gladiator; Gladiator Expert; Gladiator Master','https://fallout.fandom.com/wiki/Revolutionary_sword_(Fallout_76)'),(196,'Ripper','Melee','One-Handed','40 / 50','29 / 37 +5%  STR','STR; Natural Stance; Bloody Mess; Collateral Damage; Hack and Slash; Retribution; Ninja; Incisor; Martial Artist; Makeshift Warrior; Martial Artist; Overly Generous','https://fallout.fandom.com/wiki/Ripper_(Fallout_76)'),(197,'Rolling pin','Melee','One-Handed','1 / 5 / 10 / 20 / 30 / 40 / 50','9 / 12 / 15 / 19 / 22 / 25 / 28 +5%  STR','STR; Natural Stance; Bloody Mess; Collateral Damage; Hack and Slash; Retribution; Ninja; Incisor; Martial Artist; Makeshift Warrior; Martial Artist; Overly Generous','https://fallout.fandom.com/wiki/Rolling_pin_(Fallout_76)'),(198,'Salt of the Earth','Ranged','Shotgun','15 / 25 / 35 / 45','80 / 90 / 100 / 115','Bloody Mess; Follow Through; Far-Flung Fireworks; Covert Operative; Scattershot; Gunsmith; Enforcer; Scattershot; Skeet Shooter; Quick Hands','https://fallout.fandom.com/wiki/Salt_of_the_Earth'),(199,'Salvaged Assaultron head','Ranged','Non-automatic pistol','25 / 35 / 45','93 / 119 / 152','Bloody Mess; Follow Through; Far-Flung Fireworks; Covert Operative; Tank Killer; Packin\' Light; Gunsmith; Gun Runner; Modern Renegade; Expert, Master: Gunslinger','https://fallout.fandom.com/wiki/Salvaged_Assaultron_head_(Fallout_76)'),(200,'Shattered Grounds','Ranged','Rifle','15 / 25 / 35 / 45','30 / 35 / 40 / 45','Bloody Mess; Follow Through; Far-Flung Fireworks; Covert Operative; Tank Killer; Arms Keeper; Gunsmith; Ground Pounder; Quick Hands; Tormentor; scoped only: Sniper; sighted only: Long Shot; suppressor only: Mister Sandman','https://fallout.fandom.com/wiki/Shattered_Grounds'),(201,'Sheepsquatch club','Melee','One-Handed','10 / 20 / 30 / 40 / 50','82 / 103 / 132 / 169 / 214 +5%  STR','STR; Natural Stance; Bloody Mess; Collateral Damage; Hack and Slash; Retribution; Ninja; Incisor; Martial Artist; Makeshift Warrior; Martial Artist; Overly Generous','https://fallout.fandom.com/wiki/Sheepsquatch_club'),(202,'Sheepsquatch shard','Thrown',NULL,NULL,'75 3',NULL,'https://fallout.fandom.com/wiki/Sheepsquatch_shard'),(203,'Sheepsquatch staff','Melee','Two-Handed','10 / 20 / 30 / 40 / 50','130 / 166 / 211 / 270 / 344 +5%  STR','STR; Knee-Capper; Heavy Hitter; Bloody Mess; Collateral Damage; Hack and Slash; Retribution; Ninja; Incisor; Martial Artist; Makeshift Warrior; Martial Artist; Overly Generous; Knee-Capper, Heavy Hitter: Slugger','https://fallout.fandom.com/wiki/Sheepsquatch_staff'),(204,'Shepherd\'s crook','Melee','Two-Handed','10 / 20 / 30 / 40 / 50','10 / 20 / 30 / 40 / 50 +5%  STR','STR; Knee-Capper; Heavy Hitter; Bloody Mess; Collateral Damage; Hack and Slash; Retribution; Ninja; Incisor; Martial Artist; Makeshift Warrior; Martial Artist; Overly Generous; Knee-Capper, Heavy Hitter: Slugger','https://fallout.fandom.com/wiki/Shepherd%27s_crook'),(205,'Shishkebab','Melee','One-Handed','35 / 45','67 / 86 68 / 87 107 / 134 per 10s 147 / 194 per 5s +5%  STR','STR; Natural Stance; Bloody Mess; Collateral Damage; Hack and Slash; Retribution; Ninja; Incisor; Martial Artist; Makeshift Warrior; Martial Artist; Overly Generous','https://fallout.fandom.com/wiki/Shishkebab_(Fallout_76)'),(206,'Shovel','Melee','Two-Handed','1 / 5 / 15 / 25 / 35 / 45','15 / 20 / 25 / 30 / 35 / 40 +5%  STR','STR; Knee-Capper; Heavy Hitter; Bloody Mess; Collateral Damage; Hack and Slash; Retribution; Ninja; Incisor; Martial Artist; Makeshift Warrior; Martial Artist; Overly Generous; Knee-Capper, Heavy Hitter: Slugger','https://fallout.fandom.com/wiki/Shovel_(Fallout_76)'),(207,'Sickle','Melee','One-Handed','1 / 5 / 10 / 20 / 30 / 40 / 50','52 / 59 / 66 / 84 / 107 / 136 / 174 40 / 53 / 53 / 80 / 94 / 120 / 160 per 10s +5%  STR','STR; Natural Stance; Bloody Mess; Collateral Damage; Hack and Slash; Retribution; Ninja; Incisor; Martial Artist; Makeshift Warrior; Martial Artist; Overly Generous','https://fallout.fandom.com/wiki/Sickle'),(208,'Single action revolver','Ranged','Non-automatic pistol','10 / 20 / 30 / 40 / 50','83 / 105 / 134 / 171 / 218','Bloody Mess; Follow Through; Far-Flung Fireworks; Covert Operative; Tank Killer; Packin\' Light; Gunsmith; Gun Runner; Modern Renegade; Quick Hands; Crack Shot; Expert, Master: Gunslinger','https://fallout.fandom.com/wiki/Single_action_revolver'),(209,'Ski sword','Melee','One-Handed','15 / 25 / 35 / 45','92 / 116 / 148 / 190 +5%  STR','STR; Natural Stance; Bloody Mess; Collateral Damage; Hack and Slash; Retribution; Ninja; Incisor; Martial Artist; Makeshift Warrior; Martial Artist; Overly Generous','https://fallout.fandom.com/wiki/Ski_sword'),(210,'Sledgehammer','Melee','Two-Handed','10 / 20 / 30 / 40 / 50','111 / 140 / 179 / 229 / 292 +5%  STR','STR; Knee-Capper; Heavy Hitter; Bloody Mess; Collateral Damage; Hack and Slash; Retribution; Ninja; Incisor; Martial Artist; Makeshift Warrior; Martial Artist; Overly Generous; Knee-Capper, Heavy Hitter: Slugger','https://fallout.fandom.com/wiki/Sledgehammer_(Fallout_76)'),(211,'Slug Buster','Ranged','Pistol/Rifle','15 / 25 / 35 / 45','18 / 21 / 25 / 29 18 / 21 / 25 / 29','Bloody Mess; Follow Through; Far-Flung Fireworks; Covert Operative; Tank Killer; Gunsmith; Quick Hands; Modern Renegade; Tormentor; Expert, Master: Gunslinger, Guerrilla; Pistol: Gun Runner; Rifle: Ground Pounder; pistol only: Packin\' Light; scoped only: Sniper; sighted only: Crack Shot, Long Shot','https://fallout.fandom.com/wiki/Slug_Buster'),(212,'Sole Survivor','Ranged','Non-automatic rifle','25 / 35 / 45','112 / 143 / 182','Bloody Mess; Follow Through; Far-Flung Fireworks; Covert Operative; Tank Killer; Gunsmith; Ground Pounder; Quick Hands; Tormentor; scoped only: Sniper; sighted only: Long Shot; suppressor only: Mister Sandman','https://fallout.fandom.com/wiki/Sole_Survivor_(weapon)'),(213,'Somerset Special','Ranged','Non-automatic pistol','5 / 15 / 25 / 35 / 45','50 / 56 / 63 / 69 / 75','Bloody Mess; Follow Through; Far-Flung Fireworks; Covert Operative; Tank Killer; Packin\' Light; Gunsmith; Gun Runner; Modern Renegade; Quick Hands; Expert, Master: Gunslinger; scoped: Sniper; sighted: Crack Shot','https://fallout.fandom.com/wiki/Somerset_Special'),(214,'Spear','Melee','Two-Handed','15 / 25 / 35 / 45','92 / 116 / 148 / 190 +5%  STR','STR; Knee-Capper; Heavy Hitter; Bloody Mess; Collateral Damage; Hack and Slash; Retribution; Ninja; Incisor; Martial Artist; Makeshift Warrior; Martial Artist; Overly Generous; Knee-Capper, Heavy Hitter: Slugger','https://fallout.fandom.com/wiki/Spear_(Fallout_76)'),(215,'Submachine gun','Ranged','Automatic rifle','15 / 25 / 35 / 45','31 / 39 / 50 / 64','Bloody Mess; Follow Through; Far-Flung Fireworks; Covert Operative; Tank Killer; Arms Keeper; Gunsmith; Ground Pounder; Quick Hands; Tormentor; Long Shot; suppressor only: Mister Sandman','https://fallout.fandom.com/wiki/Submachine_gun_(Fallout_76)'),(216,'Super sledge','Melee','Two-Handed','30 / 40 / 50','223 / 285 / 362 +5%  STR','STR; Knee-Capper; Heavy Hitter; Bloody Mess; Collateral Damage; Hack and Slash; Retribution; Ninja; Incisor; Martial Artist; Makeshift Warrior; Martial Artist; Overly Generous; Knee-Capper, Heavy Hitter: Slugger','https://fallout.fandom.com/wiki/Super_sledge_(Fallout_76)'),(217,'Switchblade','Melee','One-Handed','10 / 20 / 30 / 40 / 50','40 / 51 / 66 / 83 / 107 +5%  STR','STR; Natural Stance; Bloody Mess; Collateral Damage; Hack and Slash; Retribution; Ninja; Incisor; Martial Artist; Makeshift Warrior; Martial Artist; Overly Generous','https://fallout.fandom.com/wiki/Switchblade_(Fallout_76)'),(218,'Syringer','Ranged','Non-automatic rifle','1','1','Bloody Mess; Follow Through; Far-Flung Fireworks; Covert Operative; Tank Killer; Arms Keeper; Gunsmith; Ground Pounder; Tormentor; scoped only: Sniper; sighted only: Long Shot','https://fallout.fandom.com/wiki/Syringer_(Fallout_76)'),(219,'Tesla cannon','Ranged','Explosive heavy gun','30 / 40 / 50','193 / 246 / 314','Demolition Expert; Bloody Mess; Follow Through; Far-Flung Fireworks; Covert Operative; Stabilized; Batteries Included; Bullet Shield; Grenadier; Gunsmith; One Gun Army; Quick Hands','https://fallout.fandom.com/wiki/Tesla_cannon_(Fallout_76)'),(220,'Tesla rifle','Ranged','Rifle','40 / 50','95 / 121','Bloody Mess; Follow Through; Far-Flung Fireworks; Covert Operative; Tank Killer; Arms Keeper; Gunsmith; Grenadier; Ground Pounder; Tormentor; Long Shot','https://fallout.fandom.com/wiki/Tesla_rifle_(Fallout_76)'),(221,'The Action Hero','Ranged','Automatic heavy gun','25 / 35 / 45','29 / 36 / 43','Bloody Mess; Stabilized; Bullet Shield; One Gun Army','https://fallout.fandom.com/wiki/The_Action_Hero'),(222,'The Debilitator','Melee','Two-Handed','40 / 50','75 / 85 +5%  STR','STR; Knee-Capper; Heavy Hitter; Bloody Mess; Collateral Damage; Hack and Slash; Retribution; Ninja; Incisor; Martial Artist; Makeshift Warrior; Martial Artist; Overly Generous; Knee-Capper, Heavy Hitter: Slugger','https://fallout.fandom.com/wiki/The_Debilitator'),(223,'The Dragon','Ranged','Non-automatic rifle','35 / 45','200 / 225','Bloody Mess; Follow Through; Far-Flung Fireworks; Covert Operative; Tank Killer; Arms Keeper; Gunsmith; Ground Pounder; Long Shot; Tormentor','https://fallout.fandom.com/wiki/The_Dragon'),(224,'The Fact Finder','Ranged','Non-automatic pistol','5 / 15 / 25 / 35 / 45','60 / 67 / 76 / 83 / 90','Demolition Expert; Bloody Mess; Follow Through; Far-Flung Fireworks; Covert Operative; Tank Killer; Packin\' Light; Gunsmith; Gun Runner; Modern Renegade; Quick Hands; Expert, Master: Gunslinger; scoped only: Sniper; sighted only: Crack Shot','https://fallout.fandom.com/wiki/The_Fact_Finder'),(225,'The Farmhand','Melee','Two-Handed','30 / 40 / 50','65 / 75 / 85 +5%  STR','STR; Knee-Capper; Heavy Hitter; Bloody Mess; Collateral Damage; Hack and Slash; Retribution; Ninja; Incisor; Martial Artist; Makeshift Warrior; Martial Artist; Overly Generous; Knee-Capper, Heavy Hitter: Slugger','https://fallout.fandom.com/wiki/The_Farmhand'),(226,'The Fixer','Ranged','Rifle','20 / 30 / 40 / 50','50 / 64 / 81 / 103','Bloody Mess; Follow Through; Far-Flung Fireworks; Covert Operative; Tank Killer; Gunsmith; Ground Pounder; Quick Hands; Tormentor; scoped only: Sniper; sighted only: Long Shot; suppressor only: Mister Sandman','https://fallout.fandom.com/wiki/The_Fixer'),(227,'The Guarantee','Ranged','Explosive heavy gun','25 / 35 / 45','1','Demolition Expert; Bloody Mess; Follow Through; Far-Flung Fireworks; Covert Operative; Stabilized; Ordnance Express; Bullet Shield; Grenadier; Gunsmith; One Gun Army; Quick Hands','https://fallout.fandom.com/wiki/The_Guarantee'),(228,'The Gutter','Melee','One-Handed','25 / 35 / 45','95 / 120 / 154 80 / 107 / 154 per 10s +5%  STR','STR; Natural Stance; Bloody Mess; Collateral Damage; Hack and Slash; Retribution; Ninja; Incisor; Martial Artist; Makeshift Warrior; Martial Artist; Overly Generous','https://fallout.fandom.com/wiki/The_Gutter'),(229,'The Invader','Melee','One-Handed','1 / 5 / 10 / 20 / 30 / 40 / 50','9 / 13 / 17 / 21 / 25 / 29 / 33 +5%  STR','STR; Natural Stance; Bloody Mess; Collateral Damage; Hack and Slash; Retribution; Ninja; Incisor; Martial Artist; Makeshift Warrior; Martial Artist; Overly Generous','https://fallout.fandom.com/wiki/The_Invader'),(230,'The Kabloom','Ranged','Shotgun','45','17x8 5.8/sec 10s','Bloody Mess; Demolition Expert; Follow Through; Far-Flung Fireworks; Covert Operative; [Note 1]; Scattershot; Gunsmith; Enforcer; Scattershot; Skeet Shooter; Quick Hands','https://fallout.fandom.com/wiki/The_Kabloom'),(231,'The Peacemaker','Ranged','Explosive heavy gun','40/50','3 / 3','Demolition Expert; Bloody Mess; Follow Through; Far-Flung Fireworks; Covert Operative; [1]; Stabilized; Ordnance Express; Bullet Shield; Gunsmith; One Gun Army; Quick Hands','https://fallout.fandom.com/wiki/The_Peacemaker'),(232,'The Quick Fix','Melee','One-Handed','50','30 +5%  STR','STR; Natural Stance; Bloody Mess; Collateral Damage; Hack and Slash; Retribution; Ninja; Incisor; Martial Artist; Makeshift Warrior; Martial Artist; Overly Generous','https://fallout.fandom.com/wiki/The_Quick_Fix'),(233,'The Tenderizer','Melee','Two-Handed','50','326 +5%  STR','STR; Knee-Capper; Heavy Hitter; Bloody Mess; Collateral Damage; Hack and Slash; Retribution; Ninja; Incisor; Martial Artist; Makeshift Warrior; Martial Artist; Overly Generous; Knee-Capper, Heavy Hitter: Slugger','https://fallout.fandom.com/wiki/The_Tenderizer_(Fallout_76)'),(234,'The V.A.T.S. Unknown','Ranged','Non-automatic pistol','20 / 30 / 40 / 50','20 / 25 / 29 / 32','Bloody Mess; Follow Through; Far-Flung Fireworks; Covert Operative; Tank Killer; Packin\' Light; Gunsmith; Gun Runner; Modern Renegade; Quick Hands; Expert, Master: Gunslinger; scoped only: Sniper; sighted only: Crack Shot','https://fallout.fandom.com/wiki/The_V.A.T.S._Unknown'),(235,'Thirst Zapper','Ranged','Explosive gun','1 / 5 / 10 / 20 / 30 / 40 / 50','0','Bloody Mess; Demolition Expert; Far-Flung Fireworks; Follow Through; Covert Operative; Grenadier','https://fallout.fandom.com/wiki/Thirst_Zapper_(Fallout_76)'),(236,'Throwing knife','Thrown',NULL,NULL,'75',NULL,'https://fallout.fandom.com/wiki/Throwing_knife_(Fallout_76)'),(237,'Ticket to Revenge','Ranged','Rifle','30 / 40 / 50','75 / 85 / 95','Bloody Mess; Follow Through; Far-Flung Fireworks; Covert Operative; Tank Killer; Arms Keeper; Gunsmith; Ground Pounder; Quick Hands; Tormentor; scoped only: Sniper; sighted only: Long Shot','https://fallout.fandom.com/wiki/Ticket_to_Revenge'),(238,'Tire iron','Melee','One-Handed','1 / 5 / 10 / 20 / 30 / 40 / 50','52 / 59 / 66 / 84 / 107 / 136 / 174 +5%  STR','STR; Natural Stance; Bloody Mess; Collateral Damage; Hack and Slash; Retribution; Ninja; Incisor; Martial Artist; Makeshift Warrior; Martial Artist; Overly Generous','https://fallout.fandom.com/wiki/Tire_iron_(Fallout_76)'),(239,'Tomahawk','Thrown',NULL,NULL,'100',NULL,'https://fallout.fandom.com/wiki/Tomahawk_(Fallout_76)'),(240,'Tone Death','Melee','Unarmed','45','45 [verification needed] +10%  STR','STR; Iron Fist; Bloody Mess; Collateral Damage; Exploding Palm; Hack and Slash; Retribution; Covert Operative; Ninja; Incisor; Martial Artist; Makeshift Warrior; Martial Artist; Overly Generous','https://fallout.fandom.com/wiki/Tone_Death'),(241,'Trail fireworks','Grenade',NULL,NULL,'0',NULL,'https://fallout.fandom.com/wiki/Trail_fireworks'),(242,'Turbo-Fert fertilizer','Grenade',NULL,NULL,'0',NULL,'https://fallout.fandom.com/wiki/Turbo-Fert_fertilizer'),(243,'Ultracite Gatling laser','Ranged','Heavy gun','35 / 45','22 / 29','Bloody Mess; Follow Through; Far-Flung Fireworks; Covert Operative; Stabilized; Bullet Shield; Gunsmith; One Gun Army; Quick Hands','https://fallout.fandom.com/wiki/Ultracite_Gatling_laser'),(244,'Ultracite laser gun','Ranged','Pistol/Rifle','30 / 40 / 50','54 / 68 / 87','Bloody Mess; Non-auto pistol: Gunslinger (Expert, Master); Auto pistol: Guerrilla (Expert, Master); Follow Through; Far-Flung Fireworks; Sneak; Covert Operative; Tank Killer; Packin\' Light (pistol only); Arms Keeper (rifle only); Gunsmith; Quick Hands; Sniper (scoped only); Pistol: Gun Runner; Modern Renegade; Crack Shot (sighted only); Rifle: Ground Pounder; Tormentor; Long Shot (sighted only)','https://fallout.fandom.com/wiki/Ultracite_laser_gun'),(245,'Ultracite Terror sword','Melee','Two-Handed','50','54 +5%  STR 32 +5%  STR','STR; STR; Knee-Capper; Heavy Hitter; Bloody Mess; Collateral Damage; Hack and Slash; Retribution; Ninja; Incisor; Martial Artist; Makeshift Warrior; Martial Artist; Overly Generous; Knee-Capper, Heavy Hitter: Slugger','https://fallout.fandom.com/wiki/Ultracite_Terror_sword'),(246,'Unstoppable Monster','Melee','Unarmed','50','315 +10%  STR','STR; Iron Fist; Bloody Mess; Collateral Damage; Exploding Palm; Hack and Slash; Retribution; Covert Operative; Ninja; Incisor; Martial Artist; Makeshift Warrior; Martial Artist; Overly Generous','https://fallout.fandom.com/wiki/Unstoppable_Monster'),(247,'V63 Laser carbine','Ranged','Automatic Rifle','10 / 20 / 30 / 40 / 50','22 / 28 / 36 / 46 / 59','Bloody Mess; Follow Through; Far-Flung Fireworks; Covert Operative; Tank Killer; Arms Keeper; Gunsmith; Quick Hands; Ground Pounder; Tormentor','https://fallout.fandom.com/wiki/V63_Laser_carbine'),(248,'V63 Shock Baton','Melee','One-handed','5 / 15 / 25 / 35 / 45','15 / 25 / 30 / 35 / 40 15 / 25 / 30 / 35 / 40 +5%  STR +5%  STR','STR; STR; Natural Stance; Bloody Mess; Collateral Damage; Hack and Slash; Retribution; Ninja; Incisor; Martial Artist; Makeshift Warrior; Martial Artist; Overly Generous','https://fallout.fandom.com/wiki/V63_Shock_Baton'),(249,'V63 Zweihaender','Melee','Two-Handed','30 / 40 / 50','65 / 75 / 85 45 , +5%  STR','STR; Knee-Capper; Heavy Hitter; Bloody Mess; Collateral Damage; Hack and Slash; Retribution; Ninja; Incisor; Martial Artist; Makeshift Warrior; Martial Artist; Overly Generous; Knee-Capper, Heavy Hitter: Slugger','https://fallout.fandom.com/wiki/V63_Zweihaender'),(250,'V63-BERTHA','Ranged','Rifle','40 / 50','66 / 78','Bloody Mess; Follow Through; Far-Flung Fireworks; Covert Operative; Tank Killer; Arms Keeper; Gunsmith; Grenadier; Ground Pounder; Tormentor; Long Shot','https://fallout.fandom.com/wiki/V63-BERTHA'),(251,'V63-OLGA','Ranged','Pistol/Rifle','5 / 15 / 25 / 35 / 45','21 / 26 / 31 / 36 / 45','Bloody Mess; Follow Through; Far-Flung Fireworks; Covert Operative; Tank Killer; Gunsmith; Quick Hands; Modern Renegade; Tormentor; Expert, Master: Gunslinger, Guerrilla; Pistol: Gun Runner; Rifle: Ground Pounder; pistol only: Packin\' Light; rifle only: Arms Keeper; scoped only: Sniper; sighted only: Crack Shot, Long Shot','https://fallout.fandom.com/wiki/V63-OLGA'),(252,'Valkyrie','Ranged','Heavy gun','25 / 35 / 45','30 / 38 / 50','Bloody Mess; Follow Through; Far-Flung Fireworks; Covert Operative; Stabilized; Bullet Shield; Gunsmith; One Gun Army; Quick Hands','https://fallout.fandom.com/wiki/Valkyrie'),(253,'Vertibot signal grenade','Grenade',NULL,NULL,'1',NULL,'https://fallout.fandom.com/wiki/Vertibot_signal_grenade'),(254,'Voice of Set','Ranged','Non-automatic pistol','25 / 35 / 45','Against All Enemies: 93 / 119 / 152 Against Robots Only:  35 (Without Eye of Ra )  70 (With Eye of Ra )','Eye of Ra; Eye of Ra; Bloody Mess; Follow Through; Far-Flung Fireworks; Covert Operative; Tank Killer; Packin\' Light; Gunsmith; Gun Runner; Modern Renegade; Quick Hands; Crack Shot; Expert, Master: Gunslinger','https://fallout.fandom.com/wiki/Voice_of_Set'),(255,'Walking cane','Melee','One-Handed','1 / 5 / 10 / 20 / 30 / 40 / 50','48 / 55 / 62 / 78 / 99 / 127 / 162 +5%  STR','STR; Natural Stance; Bloody Mess; Collateral Damage; Hack and Slash; Retribution; Ninja; Incisor; Martial Artist; Makeshift Warrior; Martial Artist; Overly Generous','https://fallout.fandom.com/wiki/Walking_cane_(Fallout_76)'),(256,'War drum','Melee','Two-Handed','15 / 25 / 35 / 45','147 / 187 / 239 / 305 +5%  STR','STR; Knee-Capper; heavy Hitter; Bloody Mess; Collateral Damage; Hack and Slash; Retribution; Ninja; Incisor; Martial Artist; Makeshift Warrior; Martial Artist; Overly Generous; Knee-Capper, heavy Hitter: Slugger','https://fallout.fandom.com/wiki/War_drum'),(257,'War glaive','Melee','Two-Handed','30 / 40 /50','190 / 242 / 309 227 / 294 / 374 per 10s +5%  STR','STR; Knee-Capper; Heavy Hitter; Bloody Mess; Collateral Damage; Hack and Slash; Retribution; Ninja; Incisor; Martial Artist; Makeshift Warrior; Martial Artist; Overly Generous; Knee-Capper, Heavy Hitter: Slugger','https://fallout.fandom.com/wiki/War_glaive'),(258,'Western revolver','Ranged','Non-automatic pistol','20 / 30 / 40 / 50','94 / 119 / 152 / 194','Bloody Mess; Follow Through; Far-Flung Fireworks; Covert Operative; Tank Killer; Packin\' Light; Gunsmith; Gun Runner; Modern Renegade; Quick Hands; Expert, Master: Gunslinger; scoped only: Sniper; sighted only: Crack Shot','https://fallout.fandom.com/wiki/Western_revolver_(Fallout_76)'),(259,'Western Spirit','Ranged','Non-automatic rifle','25 / 35 / 45','? / ? / 94',NULL,'https://fallout.fandom.com/wiki/Western_Spirit'),(260,'Whacker Smacker','Melee','Two-Handed','30 / 40 / 50','65 / 75 / 85 +5%  STR','STR; Knee-Capper; Heavy Hitter; Bloody Mess; Collateral Damage; Hack and Slash; Retribution; Ninja; Incisor; Martial Artist; Makeshift Warrior; Martial Artist; Overly Generous; Knee-Capper, Heavy Hitter: Slugger','https://fallout.fandom.com/wiki/Whacker_Smacker'),(261,'Whistle in the Dark','Ranged','Rifle','30 / 40 / 50','69 / 88 / 112','Bloody Mess; Follow Through; Far-Flung Fireworks; Covert Operative; Tank Killer; Gunsmith; Ground Pounder; Quick Hands; Tormentor; scoped only: Sniper; sighted only: Long Shot; suppressor only: Mister Sandman','https://fallout.fandom.com/wiki/Whistle_in_the_Dark'),(262,'Xerxo\'s gamma ray gun','Ranged','Non-automatic pistol','15 / 25 / 35 / 45','77 / 91 / 105 / 121','Bloody Mess; Follow Through; Far-Flung Fireworks; Covert Operative; Tank Killer; Packin\' Light; Grenadier; Gunsmith; Gun Runner; Modern Renegade; Quick Hands; Crack Shot; Expert, Master: Gunslinger','https://fallout.fandom.com/wiki/Xerxo%27s_gamma_ray_gun');
/*!40000 ALTER TABLE `weapons` ENABLE KEYS */;
UNLOCK TABLES;

--
-- Final view structure for view `v_armor_complete`
--

/*!50001 DROP VIEW IF EXISTS `v_armor_complete`*/;
/*!50001 SET @saved_cs_client          = @@character_set_client */;
/*!50001 SET @saved_cs_results         = @@character_set_results */;
/*!50001 SET @saved_col_connection     = @@collation_connection */;
/*!50001 SET character_set_client      = utf8mb4 */;
/*!50001 SET character_set_results     = utf8mb4 */;
/*!50001 SET collation_connection      = utf8mb4_0900_ai_ci */;
/*!50001 CREATE ALGORITHM=UNDEFINED */
/*!50013 DEFINER=`root`@`localhost` SQL SECURITY DEFINER */
/*!50001 VIEW `v_armor_complete` AS select `a`.`id` AS `id`,`a`.`name` AS `name`,`a`.`armor_type` AS `armor_type`,`a`.`class` AS `class`,`a`.`slot` AS `slot`,`a`.`set_name` AS `set_name`,`a`.`level` AS `level`,`a`.`damage_resistance` AS `damage_resistance`,`a`.`energy_resistance` AS `energy_resistance`,`a`.`radiation_resistance` AS `radiation_resistance`,`a`.`cryo_resistance` AS `cryo_resistance`,`a`.`fire_resistance` AS `fire_resistance`,`a`.`poison_resistance` AS `poison_resistance`,`a`.`source_url` AS `source_url` from `armor` `a` */;
/*!50001 SET character_set_client      = @saved_cs_client */;
/*!50001 SET character_set_results     = @saved_cs_results */;
/*!50001 SET collation_connection      = @saved_col_connection */;

--
-- Final view structure for view `v_consumables_complete`
--

/*!50001 DROP VIEW IF EXISTS `v_consumables_complete`*/;
/*!50001 SET @saved_cs_client          = @@character_set_client */;
/*!50001 SET @saved_cs_results         = @@character_set_results */;
/*!50001 SET @saved_col_connection     = @@collation_connection */;
/*!50001 SET character_set_client      = utf8mb4 */;
/*!50001 SET character_set_results     = utf8mb4 */;
/*!50001 SET collation_connection      = utf8mb4_0900_ai_ci */;
/*!50001 CREATE ALGORITHM=UNDEFINED */
/*!50013 DEFINER=`root`@`localhost` SQL SECURITY DEFINER */
/*!50001 VIEW `v_consumables_complete` AS select `c`.`id` AS `consumable_id`,`c`.`name` AS `consumable_name`,`c`.`category` AS `category`,`c`.`subcategory` AS `subcategory`,`c`.`effects` AS `effects`,`c`.`duration` AS `duration`,`c`.`hp_restore` AS `hp_restore`,`c`.`rads` AS `rads`,`c`.`hunger_satisfaction` AS `hunger_satisfaction`,`c`.`thirst_satisfaction` AS `thirst_satisfaction`,`c`.`special_modifiers` AS `special_modifiers`,`c`.`addiction_risk` AS `addiction_risk`,`c`.`disease_risk` AS `disease_risk`,`c`.`weight` AS `weight`,`c`.`value` AS `value`,`c`.`form_id` AS `form_id`,`c`.`crafting_station` AS `crafting_station`,`c`.`source_url` AS `source_url` from `consumables` `c` order by `c`.`category`,`c`.`name` */;
/*!50001 SET character_set_client      = @saved_cs_client */;
/*!50001 SET character_set_results     = @saved_cs_results */;
/*!50001 SET collation_connection      = @saved_col_connection */;

--
-- Final view structure for view `v_legendary_perks_all_ranks`
--

/*!50001 DROP VIEW IF EXISTS `v_legendary_perks_all_ranks`*/;
/*!50001 SET @saved_cs_client          = @@character_set_client */;
/*!50001 SET @saved_cs_results         = @@character_set_results */;
/*!50001 SET @saved_col_connection     = @@collation_connection */;
/*!50001 SET character_set_client      = utf8mb4 */;
/*!50001 SET character_set_results     = utf8mb4 */;
/*!50001 SET collation_connection      = utf8mb4_0900_ai_ci */;
/*!50001 CREATE ALGORITHM=UNDEFINED */
/*!50013 DEFINER=`root`@`localhost` SQL SECURITY DEFINER */
/*!50001 VIEW `v_legendary_perks_all_ranks` AS select `lp`.`id` AS `legendary_perk_id`,`lp`.`name` AS `perk_name`,`lp`.`description` AS `base_description`,`lp`.`race` AS `race`,`lpr`.`rank` AS `rank`,`lpr`.`description` AS `rank_description`,`lpr`.`effect_value` AS `effect_value`,`lpr`.`effect_type` AS `effect_type` from (`legendary_perks` `lp` left join `legendary_perk_ranks` `lpr` on((`lp`.`id` = `lpr`.`legendary_perk_id`))) order by `lp`.`name`,`lpr`.`rank` */;
/*!50001 SET character_set_client      = @saved_cs_client */;
/*!50001 SET character_set_results     = @saved_cs_results */;
/*!50001 SET collation_connection      = @saved_col_connection */;

--
-- Final view structure for view `v_mutations_complete`
--

/*!50001 DROP VIEW IF EXISTS `v_mutations_complete`*/;
/*!50001 SET @saved_cs_client          = @@character_set_client */;
/*!50001 SET @saved_cs_results         = @@character_set_results */;
/*!50001 SET @saved_col_connection     = @@collation_connection */;
/*!50001 SET character_set_client      = utf8mb4 */;
/*!50001 SET character_set_results     = utf8mb4 */;
/*!50001 SET collation_connection      = utf8mb4_0900_ai_ci */;
/*!50001 CREATE ALGORITHM=UNDEFINED */
/*!50013 DEFINER=`root`@`localhost` SQL SECURITY DEFINER */
/*!50001 VIEW `v_mutations_complete` AS select `m`.`id` AS `mutation_id`,`m`.`name` AS `mutation_name`,`m`.`positive_effects` AS `positive_effects`,`m`.`negative_effects` AS `negative_effects`,`m`.`form_id` AS `form_id`,`m`.`exclusive_with` AS `exclusive_with`,`m`.`suppression_perk` AS `suppression_perk`,`m`.`enhancement_perk` AS `enhancement_perk`,`m`.`source_url` AS `source_url` from `mutations` `m` order by `m`.`name` */;
/*!50001 SET character_set_client      = @saved_cs_client */;
/*!50001 SET character_set_results     = @saved_cs_results */;
/*!50001 SET collation_connection      = @saved_col_connection */;

--
-- Final view structure for view `v_perks_all_ranks`
--

/*!50001 DROP VIEW IF EXISTS `v_perks_all_ranks`*/;
/*!50001 SET @saved_cs_client          = @@character_set_client */;
/*!50001 SET @saved_cs_results         = @@character_set_results */;
/*!50001 SET @saved_col_connection     = @@collation_connection */;
/*!50001 SET character_set_client      = utf8mb4 */;
/*!50001 SET character_set_results     = utf8mb4 */;
/*!50001 SET collation_connection      = utf8mb4_0900_ai_ci */;
/*!50001 CREATE ALGORITHM=UNDEFINED */
/*!50013 DEFINER=`root`@`localhost` SQL SECURITY DEFINER */
/*!50001 VIEW `v_perks_all_ranks` AS select `p`.`id` AS `perk_id`,`p`.`name` AS `perk_name`,`p`.`special` AS `special`,`p`.`level` AS `min_level`,`p`.`race` AS `race`,`pr`.`rank` AS `rank`,`pr`.`description` AS `rank_description`,`pr`.`form_id` AS `form_id` from (`perks` `p` left join `perk_ranks` `pr` on((`p`.`id` = `pr`.`perk_id`))) order by `p`.`name`,`pr`.`rank` */;
/*!50001 SET character_set_client      = @saved_cs_client */;
/*!50001 SET character_set_results     = @saved_cs_results */;
/*!50001 SET collation_connection      = @saved_col_connection */;

--
-- Final view structure for view `v_weapons_with_perks`
--

/*!50001 DROP VIEW IF EXISTS `v_weapons_with_perks`*/;
/*!50001 SET @saved_cs_client          = @@character_set_client */;
/*!50001 SET @saved_cs_results         = @@character_set_results */;
/*!50001 SET @saved_col_connection     = @@collation_connection */;
/*!50001 SET character_set_client      = utf8mb4 */;
/*!50001 SET character_set_results     = utf8mb4 */;
/*!50001 SET collation_connection      = utf8mb4_0900_ai_ci */;
/*!50001 CREATE ALGORITHM=UNDEFINED */
/*!50013 DEFINER=`root`@`localhost` SQL SECURITY DEFINER */
/*!50001 VIEW `v_weapons_with_perks` AS select `w`.`id` AS `id`,`w`.`name` AS `weapon_name`,`w`.`type` AS `weapon_type`,`w`.`class` AS `weapon_class`,`w`.`level` AS `level`,`w`.`damage` AS `damage`,group_concat(distinct `p`.`name` order by `p`.`name` ASC separator '; ') AS `regular_perks`,group_concat(distinct `lp`.`name` order by `lp`.`name` ASC separator '; ') AS `legendary_perks`,`w`.`source_url` AS `source_url` from ((((`weapons` `w` left join `weapon_perks` `wp` on((`w`.`id` = `wp`.`weapon_id`))) left join `perks` `p` on((`wp`.`perk_id` = `p`.`id`))) left join `weapon_legendary_perk_effects` `wlpe` on((`w`.`id` = `wlpe`.`weapon_id`))) left join `legendary_perks` `lp` on((`wlpe`.`legendary_perk_id` = `lp`.`id`))) group by `w`.`id` */;
/*!50001 SET character_set_client      = @saved_cs_client */;
/*!50001 SET character_set_results     = @saved_cs_results */;
/*!50001 SET collation_connection      = @saved_col_connection */;
/*!40103 SET TIME_ZONE=@OLD_TIME_ZONE */;

/*!40101 SET SQL_MODE=@OLD_SQL_MODE */;
/*!40014 SET FOREIGN_KEY_CHECKS=@OLD_FOREIGN_KEY_CHECKS */;
/*!40014 SET UNIQUE_CHECKS=@OLD_UNIQUE_CHECKS */;
/*!40101 SET CHARACTER_SET_CLIENT=@OLD_CHARACTER_SET_CLIENT */;
/*!40101 SET CHARACTER_SET_RESULTS=@OLD_CHARACTER_SET_RESULTS */;
/*!40101 SET COLLATION_CONNECTION=@OLD_COLLATION_CONNECTION */;
/*!40111 SET SQL_NOTES=@OLD_SQL_NOTES */;

-- Dump completed on 2025-10-22 14:14:53
